-,-
,
(السماك),(al-sammak)
(اليازجي),(al-yaziji)
(منصور),(mansour)
ar,en
آثر,athar
آدم,adam
آدم,adam
آسر,asir
آسر,asr
آسيا,asia
آسيا,asia
آلاء,alaa
آلاء,alaa
آلديب,al-deeb
آمال,aamal
آمال,amal
آمنة,amna
آمنة,amnah
آمنه,amna
آمنه,amnah
آنيا,ania
آنيا,ania
آيات,ayat
آيات,ayat
آية,aya
آية,ayah
آيةالله,ayatollah
آيسل,aisal
آيسل,aysel
آيلا,aila
آيلا,ayla
آيه,aya
آيه,ayah
أبرار,abarar
أبرار,abrar
أبراهيم,ibrahim
أبو,abu
أبوحمادة,abohamadah
أبودان,abudan
أبودقة,abodqh
أبوزناد,abozinad
أبوسريه,abosriah
أبوسلطان,abosultan
أبوشماله,aboshmalah
أبوعيشة,aisha
أبولبن,abolbn
أبومحيسن,abomuhaisan
أبووردة,warda
أبي,obi
أثار,athar
أثار,athar
أثال,athal
أحلام,ahlam
أحلام,ahlam
أحمد,ahmed
أحمد,ahmed
أحمدد,ahmed
أدم,adam
أدم,adam
أدهم,adham
أدهم,adhm
أديب,adeeb
أرام,aram
أربعه,arbaa
أرسلان,arslan
أركان,arkan
أروى,aroa
أروى,arwa
أريام,araiam
أريام,aryam
أريج,areej
أريج,arij
أريح,areej
أريح,arih
أرين,arin
أزاد,azad
أزهار,azhar
أزهار,azuhar
أسامة,osama
أسامة,usamah
أسامه,osama
أسامه,usamah
أسد,assad
أسعد,asaad
أسعد,asaad
أسلم,aslam
أسماء,asamaa
أسماء,asmaa
أسمهان,asmahan
أسنات,osnat
أسيد,asaid
أسيد,aseed
أسيل,asail
أسيل,aseel
أشرف,ashraf
أشرف,ashraf
أغا,agha
أفنان,afanan
أفنان,afnan
أكرم,akarm
أكرم,akram
أكمل,akmal
ألاء,alaa
ألاء,alaa
ألفت,ulfat
ألما,alama
ألما,alma
ألمى,alma
ألمى,alma
ألين,lin
ألينا,elina
أمار,amar
أمال,amal
أمامة,umama
أماني,amani
أماني,amani
أمة,amat
أمجد,amjad
أمجد,amjad
أمل,amal
أمل,aml
أمنة,amna
أمنة,amnah
أمنه,amna
أمنية,omnia
أمنيه,omnia
أمونة,amouna
أمونه,amouna
أمير,amir
أمير,amir
أميرة,amira
أميرة,amira
أميره,amira
أميره,amira
أميمة,umaima
أميمه,umaima
أمين,ameen
أمين,amin
أمينة,amina
أمينه,ameenah
أمينه,amina
أنال,anal
أنس,anas
أنس,anias
أنسام,ansam
أنصاف,insaf
أنعام,inaam
أنغام,angham
أنهار,anhar
أنوار,anwar
أنور,anwar
أنور,anwar
أنيس,aneis
أنيس,anis
أنيسه,aneisuah
أنيسه,anisa
أنين,anin
أهل,ahel
أهلة,ahla
أواب,awab
أوركيد,orchid
أوس,aws
أوس,aws
أوسم,awsam
أويس,aois
أويس,owais
أيات,ayat
أياد,iyad
أيان,ayan
أية,aya
أية,ayah
أيسل,aysel
أيلا,ayla
أيلول,aylool
أيلول,eylul
أيمن,ayman
أيمن,ayman
أيه,aya
أيه,ayah
أيهاب,ihab
أيهم,aihm
أيهم,ayham
أيوب,aiob
أيوب,ayoub
إبتسام,ibtisam
إبتسام,ibtsam
إبراهيم,ibrahim
إبراهيم,ibrahim
إحسان,ihsan
إحمود,ahmoud
إحميد,ahmeid
إخزيق,ikhzaiq
إخلاص,ikhlas
إدريس,idris
إرحيم,irhim
إزويد,izweid
إستبرق,istabraq
إسحاق,ishaq
إسحق,ishaq
إسراء,israa
إسراء,israa
إسكندر,iskandar
إسلام,islam
إسلام,islam
إسليم,esleem
إسماعيل,isamaail
إسماعيل,ismail
إسمت,asmat
إشتيوي,ishteiwi
إصليح,isleih
إعتماد,iatmad
إفتيحه,iftiha
إفتيحه,iftihah
إقطيفان,iqtifan
إكرام,ikram
إلهام,ilham
إلهام,ilham
إلياس,elias
إلياس,ilaias
إليانا,eliana
إليانا,ilaiana
إلين,ilain
إلين,lin
إنتصار,intisar
إنعام,inaam
إياد,iiad
إياد,iyad
إياس,iyas
إيف,ayef
إيفان,ivan
إيفانا,ivana
إيلا,ayla
إيلاف,elaf
إيلاف,iilaf
إيلان,ilan
إيلياء,elia
إيلياء,iilaiaa
إيلين,eileen
إيلين,iilain
إيلينا,elina
إيما,aima
إيمان,iiaman
إيمان,iman
إيناس,iinas
إيناس,inas
إيهاب,ihab
إيهاب,iihab
ئائر,aaar
ئائر,thaer
اابراهيم,ibrahim
االسطل,al-satl
ابتسال,ibtisal
ابتسام,ibtisam
ابتهاج,ibtihaj
ابتهال,ibtihal
ابرار,abrar
ابراهيم,ibrahim
ابرهيم,abrhaiam
ابريص,ibreis
ابريك,ibraik
ابريكه,ibreika
ابطيحان,abtihan
ابليحه,ableiha
ابمن,ayman
ابن-الهام,son of elham
ابن,ibn
ابن/اسراء,son of israa
ابن/انوار,son of anwar
ابن/رحيمة,son of rahima
ابن/نبيلة,son of nabila
ابناسراء,son of israa
ابنالاء,son of alaa
ابنانوار,son of anwar
ابنة-دينا,daughter of dina
ابنه,daughter of
ابهار,ibhar
ابو,abu
ابوارتيمه,abuartima
ابواسحاق,abuishaq
ابواسحق,abuishaq
ابواسد,abuassad
ابواسماعيل,abwasamaail
ابوالاعور,abual-awar
ابوالجبين,abual-jabain
ابوالجديان,abual-jidyan
ابوالجليل,abu-aljalil
ابوالحصين,abu-alhusayn
ابوالحصيني,abual-husseini
ابوالخير,abu-alkhair
ابوالروس,abual-rous
ابوالريش,abual-rish
ابوالسبح,abual-sabah
ابوالسعود,abwalsaaod
ابوالشعر,abu-shaar
ابوالطيور,abul-toyor
ابوالعجين,abual-ajen
ابوالعضم,abwaladhm
ابوالعطا,abwalaata
ابوالعلا,abu-al-ala
ابوالعمرين,abwalamarin
ابوالعنزين,abual-anzain
ابوالعنين,abual-enein
ابوالعوف,abual-aouf
ابوالعون,abual-aoun
ابوالعيش,abual-eish
ابوالفحم,abual-fahm
ابوالفيته,abual-fiteh
ابوالقرايا,abual-qaraya
ابوالقمصان,abual-qumsan
ابوالكاس,abual-kass
ابواللبن,abual-laban
ابوالليالي,abual-layali
ابوالليل,abual-layl
ابوالنجا,abual-naja
ابوالنور,abul-nour
ابوالنيل,abul-niel
ابوالهوى,abual-hawa
ابوبركة,abu-baraka
ابوبركه,abubaraka
ابوبرهوم,abu-barhoum
ابوبريك,abobrik
ابوبريكه,abu-breika
ابوبشير,abu-basheer
ابوبطنين,abobtanin
ابوبطيحان,abubutihan
ابوبكر,abobkar
ابوبكره,abobkarah
ابوبليمه,aboblaiamuah
ابوبيض,abubayd
ابوتوها,abutoha
ابوتوهه,abotohah
ابوتيم,abu-taym
ابوثريا,abuthuraya
ابوجادالله,abujadallah
ابوجاسر,abu-jaser
ابوجامع,abwjamua
ابوجاموس,abwjamos
ابوجبارة,abwjabarah
ابوجباره,abu-jebara
ابوجبر,abwjabr
ابوجبل,jabal
ابوجحجوح,abujahjouh
ابوجخيدب,abujakhaidib
ابوجديان,abu-jidyan
ابوجراد,abujarad
ابوجراده,abu-jaradh
ابوجري,abu-jari
ابوجريبان,abu-jriban
ابوجزر,abujazar
ابوجلال,abujalal
ابوجلالة,abu-jalalah
ابوجلاله,abujalala
ابوجلد,abujald
ابوجلهوم,abujalhoum
ابوجليله,abu-jaleelah
ابوجميزة,abu-jumaiza
ابوجميزه,abu-jumaiza
ابوجوده,abujoudeh
ابوجياب,abu-jiab
ابوحامد,abu-hamed
ابوحامدة,abu-hamdah
ابوحامده,abu-hamdah
ابوحبل,abu-habl
ابوحبيب,abuhabib
ابوحبيس,abu-habis
ابوحجاج,abuhajjaj
ابوحجر,abuhajar
ابوحجير,abuhujair
ابوحدايد,abuhaddayd
ابوحرب,abuharb
ابوحزين,abohuzain
ابوحسان,abu-hassan
ابوحسنين,abuhassanein
ابوحسون,abu-hassoun
ابوحسين,abuhussein
ابوحشيش,abuhashish
ابوحصيره,abohsirah
ابوحطب,abu-hatab
ابوحلاوه,abu-halawa
ابوحلحول,abu-halhoul
ابوحلو,abu-helw
ابوحليب,abu-haleeb
ابوحليمه,abuhalima
ابوحماد,abuhammad
ابوحماده,abuhamada
ابوحمد,abohamd
ابوحمده,abu-hamdah
ابوحموده,abu-hamoudeh
ابوحميد,abuhamid
ابوحميدان,abuhumaidan
ابوحميده,abuhamida
ابوحية,abu-hayyya
ابوحيه,abuhayya
ابوخاطر,abukhater
ابوخالد,abu-khaled
ابوخبيزة,abu-khybaiza
ابوخبيزه,abukhubaiza
ابوختلة,abu-khatla
ابوختله,abukhatla
ابوخريس,abu-khrys
ابوخضر,abokhidhuir
ابوخضير,abokhdhir
ابوخطاب,abu-khattab
ابوخلفالله,abu-khalafallah
ابوخليفه,abukhalifa
ابوخوصه,abu-khousa
ابودان,abudan
ابوداود,daoud
ابودباغ,abudabbagh
ابودحروج,dahrouj
ابودرابي,abu-darabi
ابودراز,abu-draz
ابودريقه,abudraika
ابودغيم,abodghiam
ابودف,abudaf
ابودقة,abodqah
ابودقن,abudaqan
ابودقه,abodqah
ابودلال,abu-dalal
ابودهن,abu-dahan
ابوديب,deeb
ابوديد,abudeid
ابوديه,abudayeh
ابوراس,aburas
ابوراشد,aburashid
ابوربيع,aburabie
ابورجال,aburijal
ابورجيله,aburajila
ابورحمة,abu-rahma
ابورحمه,aboarahamuah
ابورخيه,abu-rakhiya
ابورزق,aburizq
ابورصاص,abu-rasas
ابورضوان,abu-radwan
ابورقعه,aburaqa
ابوركاب,abu-rekab
ابوركبه,abu-rokba
ابورمضان,abu-ramadan
ابوروس,abu-ross
ابوروك,aburok
ابورويضه,aburawida
ابورياش,aboaraiish
ابوريالة,abu-ryalah
ابورياله,abu-ryalah
ابوريان,aburayyan
ابوريده,aburida
ابوزايد,abuzayed
ابوزايده,abu-zayeda
ابوزبيدة,abozbidah
ابوزر,abozr
ابوزرقة,abu-zarqa
ابوزرقه,abuzarqa
ابوزريعان,abu-zaran
ابوزريق,abu-zureik
ابوزرينه,abu-zarish
ابوزعيتر,abu-zuaiter
ابوزناد,abu-zanad
ابوزهري,abozuhri
ابوزهير,abozuhir
ابوزور,abuzour
ابوزيادة,aboziadah
ابوزياده,abuziyada
ابوزيد,abozaid
ابوسبت,abusabt
ابوسبله,abu-sabla
ابوسته,abusitta
ابوسحلوب,abu-sahloub
ابوسحلول,abu-sahloul
ابوسخيلة,aboskhilah
ابوسخيله,abusakhila
ابوسرحان,abu-sarhan
ابوسردانه,abusardanah
ابوسريه,abu-siri
ابوسعادة,abu-saadeh
ابوسعاده,abu-saada
ابوسعد,abosaad
ابوسعدة,abosaadah
ابوسعده,abosaadah
ابوسعود,abu-saoud
ابوسعيد,abusaeed
ابوسعيفان,abu-saifan
ابوسكران,abusakran
ابوسلامه,abusalama
ابوسلطان,sultan
ابوسلمية,abosalamaiah
ابوسلميه,abusalmiya
ابوسلوت,abu-salwat
ابوسليسل,abuseleisel
ابوسليم,abu-sleem
ابوسليمان,abusuleiman
ابوسليمة,abusalima
ابوسليمه,abusalima
ابوسمرة,abosamarah
ابوسمره,abu-samra
ابوسمعان,abu-samaan
ابوسنان,abu-sinan
ابوسنجر,abosanajar
ابوسويلم,abu-swailem
ابوسيدو,abu-sido
ابوسيف,saif
ابوشاب,aboshab
ابوشاربين,abusharbin
ابوشاويش,aboshaoish
ابوشباب,aboshbab
ابوشحادة,abu-shehadeh
ابوشحاده,abushehadeh
ابوشحمه,abu-shahmah
ابوشرخ,aboshrkh
ابوشريتح,abu-shreit
ابوشريعه,abu-sharia
ابوشريفه,abusharifa
ابوشعبان,aboshaban
ابوشعر,abu-shaar
ابوشعيب,abu-shuaib
ابوشعيره,abu-shaira
ابوشقرة,abu-shakra
ابوشقره,abushakra
ابوشقفة,abu-shaqfa
ابوشقفه,abushaqfa
ابوشقير,abushuqair
ابوشكيان,abushakyan
ابوشلوف,abushalouf
ابوشلوله,abu-shalla
ابوشماس,aboshmas
ابوشمالة,abu-shamala
ابوشماله,abushamala
ابوشمله,aboshmlah
ابوشميس,abu-shmeis
ابوشنار,abushinar
ابوشنب,abu-shanab
ابوشهله,abu-shahleh
ابوشوارب,abu-shawarb
ابوشوقه,abushawqa
ابوشيخة,abu-sheikha
ابوصافي,abosafii
ابوصالح,abu saleh
ابوصفر,abu-safar
ابوصفره,abusafra
ابوصفيه,abu-safeya
ابوصقر,abosqur
ابوصلاح,abusalah
ابوصهيبان,abusuhaiban
ابوصواوين,abu-sawwin
ابوصوصين,abu-soussin
ابوصويص,abusuwais
ابوصويوين,abu-sawyain
ابوصيام,abosiam
ابوضاهر,abodhahir
ابوضباع,abodhbaa
ابوطاحون,abutahoun
ابوطاقيه,abutaqiya
ابوطبق,abutabak
ابوطبيخ,abu-tabakh
ابوطربوش,abotrabosh
ابوطعيمه,abotaiamuah
ابوطقية,taqiya
ابوطماعة,abu-tuma
ابوطه,abotah
ابوطواحينه,abotwahainuah
ابوطويله,abotoilah
ابوطيبة,abo teba
ابوطير,abuteer
ابوطيور,abu-bour
ابوظاهر,abozahir
ابوظريفة,abu-zarifa
ابوظريفه,abuzarifa
ابوعابد,abu-abed
ابوعاذرة,abu-aarra
ابوعاذره,abuadra
ابوعاصى,abu-assi
ابوعاصي,aboaasi
ابوعامر,aboaamar
ابوعبدة,abo abda
ابوعبدو,abdo
ابوعبيد,abuobaid
ابوعجمي,abuajami
ابوعجوه,abuajwa
ابوعدوان,aboadwan
ابوعرار,abuarar
ابوعرام,abu-aram
ابوعرب,aboarab
ابوعرفات,abu-arafat
ابوعرمانه,abuarmanah
ابوعريبان,abuoreiban
ابوعزال,abu-east
ابوعزوم,abuazoum
ابوعسفة,abu-asefa
ابوعسفه,abu-asfa
ابوعسقول,abu-asell
ابوعشيبه,abuashayba
ابوعصر,abu-asr
ابوعصفور,abu-asfour
ابوعطوان,aboatwan
ابوعطيوى,aboaataioa
ابوعطيوي,aboaataioi
ابوعقل,abu-aqel
ابوعقلين,aboaqlain
ابوعكر,abu-akar
ابوعلوان,abu-alwan
ابوعلي,aboalai
ابوعليان,abualyan
ابوعليه,abu-upon him
ابوعمر,abu-omar
ابوعمرة,aboamarah
ابوعمره,abuomra
ابوعمشة,abu-amsha
ابوعمشه,abuamsha
ابوعنزه,abu-anza
ابوعواد,awad
ابوعوده,abuodeh
ابوعوض,abu-awad
ابوعون,aboaon
ابوعويضه,abu-awaida
ابوعويمر,aboaoiamar
ابوعيادة,ayada
ابوعياده,aboaiadah
ابوعيد,aboaid
ابوعيدة,abu-aida
ابوعيده,abueida
ابوعيسى,abuissa
ابوعيش,abu-aish
ابوعيشة,abu-eisha
ابوعيشه,aboaishaah
ابوعيطه,aboaitah
ابوغازي,abu-ghazi
ابوغالي,abughali
ابوغبن,aboghbn
ابوغراب,abu-ghorab
ابوغرارة,abu-sarra
ابوغرقود,abu-ghroufh
ابوغزال,ghazal
ابوغزاله,abu-ghazala
ابوغزة,abu-gaza
ابوغلوه,abughalwa
ابوغليون,aboghlaion
ابوغنيمه,abughanima
ابوغوري,abu-ghori
ابوغوله,abu-ghoul
ابوغياض,abu-ghayad
ابوفخر,abufakhr
ابوفسيفس,medal
ابوفطاير,abu-fatayer
ابوفول,abufoul
ابوفياض,abu-fayyad
ابوقشلان,abuqashlan
ابوقفه,abu-qafra
ابوقمر,abu-qamar
ابوقمصان,abu-qumsan
ابوقوطة,abu-qatta
ابوقوطه,abuqutah
ابوقينص,abu-qinas
ابوكاشف,abu-kashif
ابوكتيفة,abu-ketifa
ابوكتيفه,abukatifah
ابوكرش,abokarsh
ابوكلوب,abukloub
ابوكميل,abukamil
ابوكويك,abu-kwik
ابولاشين,abolashin
ابولافي,abu-lafi
ابولبدة,abolbadah
ابولبده,abulebdeh
ابولبن,abolbn
ابولحية,abu-li'a
ابولحيه,abulehia
ابولطيفة,aboltaifah
ابولطيفه,abulatifa
ابولوز,abuloz
ابولولي,abululi
ابوليله,abulaila
ابوماشي,abu-mashi
ابوماضي,abumadi
ابومحارب,abomaharab
ابومحسن,abomuhasan
ابومحيسن,abu-muhaisen
ابومخده,abu-makhda
ابومخيمر,abumukhaimer
ابومدين,abumadin
ابومذكور,abumathkur
ابومراحيل,abumarahil
ابومراد,abumurad
ابومرزوق,abumarzouk
ابومرق,abomarq
ابومريم,abomariam
ابومزيد,abumazid
ابومساعد,abumusaed
ابومسامح,abomsamuh
ابومسعود,masoud
ابومسلم,abomsalam
ابومشايخ,abumashayikh
ابومصطف,abomustafa
ابومصطفى,abumustafa
ابومصطفي,abu-mustafa
ابومطر,abumatar
ابومطرود,abomtrod
ابومطلق,abumutlaq
ابومعروف,abumaarouf
ابومعمر,muammar
ابومعنيه,abu-maanah
ابومعيلق,abumaeliq
ابومغصيب,abu-mugheib
ابومغيصيب,abumughaysib
ابومكتومة,abomaktomah
ابومكتومه,abu-makta
ابومليح,abu-malih
ابومنديل,abomunadil
ابومنسي,abumansi
ابومنصور,abumansour
ابومهادي,abumahadi
ابومور,abu-moore
ابوموسى,abu-mousa
ابوناجع,abu-nassa
ابوناجي,abunaji
ابونادي,abonadi
ابونار,abunar
ابوناصر,abunasser
ابوناموس,abu-namous
ابونبهان,abonabhan
ابونجا,abunaja
ابوندا,abunada
ابوندى,abu-nada
ابونصار,abu-nassar
ابونصر,abonasar
ابونصير,abu-naseer
ابونصيرة,abu-nasira
ابونصيره,abu-nuseira
ابونعمة,abu-nima
ابونعمه,abuni'mah
ابونعيم,abonaiam
ابونقيره,abu-naqarah
ابونمر,abu-nimr
ابونوفل,abunofal
ابونويجع,abu-nuwaja
ابوهاشم,abuhashem
ابوهانى,abohana
ابوهاني,abu-hani
ابوهجرس,abohjrs
ابوهداف,abuhaddaf
ابوهدروس,abohadaros
ابوهده,abuhadda
ابوهربيد,abohrobeid
ابوهلال,abuhilal
ابوهميسه,abu-hamisah
ابوهندي,abohnadi
ابوهولي,abu-holly
ابوهويدي,abuhuwaidi
ابوهويشل,abu-hwaishel
ابووادي,abuwadi
ابووردة,warda
ابوورده,abooardah
ابووزنة,abu-wazzanah
ابووزنه,abu-wazzanah
ابويوسف,aboiousf
ابويونس,aboionis
ابي,obi
اثار,athar
اجديع,ajdei
اجلال,ijlal
اجميعان,ijmian
اجميعه,ijmia
اجنادين,ajnadin
اجنيد,ajnaid
اجوان,ajwan
اجويد,ajweed
احترام,ihtiram
احتمال,ihtimal
احسان,ihsan
احلاسه,ihlasa
احلام,ahlam
احليوه,ihliwa
احمد,ahmed
احمديوسف,ahmad yousif
احمود,ahmoud
احميد,ahmeid
احميدان,ihmeidan
احميده,hmaida
اخروات,ikhrewat
اخزيق,ikhzaiq
اخضير,ikhdir
اخلاص,ikhlas
اخليل,ikhleil
اخميس,ikhmeis
اخوتها,ikhwatha
ادريس,idris
ادريسي,idrisi
ادعيس,adais
ادم,adam
ادهم,adham
ادويدار,idweidar
اديان,adyan
اديب,adeeb
اديبه,adiba
اراده,irada
اراهيم,arahaiam
اربيع,irbi
ارتحاب,irtihab
ارتواء,artiwa
ارتيمه,artima
ارجيلات,arjilat
ارجيله,arjila
ارحيل,irhail
ارحيم,irhim
ارديسي,ardisi
ارسلان,arslan
ارشي,irshi
ارقيق,irqeiq
ارقيه,ruqaya
اركان,arkan
ارميح,irmeih
ارميلات,ermilat
اروه,arwa
اروى,arwa
ارويشد,irwished
ارويعي,arwayi
اريام,aryam
اريج,areej
ازدهار,izdihar
ازريق,azreeq
ازرين,azreen
ازهار,azhar
ازويد,izweid
ازيد,azyed
اسالم,salim
اسامة,osama
اسامه,osama
اسبيتان,isbeitan
اسبيته,isbeita
استبرق,istabraq
استقلال,istiqlal
استيتان,astitan
اسحاق,ishaq
اسحق,ishaq
اسد,assad
اسدودي,asdoudi
اسر,asir
اسراء,israa
اسعد,asaad
اسعود,asoud
اسعيد,iseid
اسعيفان,isaifan
اسكندر,iskandar
اسلام,islam
اسلخ,islikh
اسليم,islim
اسليمان,suleiman
اسماء,asmaa
اسماعيل,ismail
اسمامة,usama
اسمهان,asmahan
اسنونو,asnunu
اسهيجان,ishijan
اسويلم,usweilim
اسيا,asia
اسيد,aseed
اسير,asir
اسيل,aseel
اشبير,ishbeir
اشتيوى,ishteiwi
اشتيوي,ishteiwi
اشجان,ashjan
اشحاده,ishhada
اشرف,ashraf
اشرقت,ashraqat
اشريتح,ishreitah
اشرير,ishreir
اشريم,ishreim
اشقير,ishqair
اشكنتنا,ishkintna
اشكيان,ishkian
اشلاء,ishlaa
اشنينو,ishnino
اشنيوره,ishniora
اشواق,ashwaq
اصبيح,isabeih
اصبيحى,asbiha
اصبيحي,asabeihi
اصرف,asraf
اصلان,aslan
اصليح,isleih
اصيل,aseel
اضميده,admeeda
اضهير,duhair
اضويحي,adhoihai
اطحيمر,athaimer
اطراد,itrad
اظهير,izhair
اعبيان,ibian
اعبيد,obaid
اعتدال,atidal
اعتماد,itimad
اعرم,aaram
اعروق,arouq
اعريف,ireif
اعزيزه,azaiza
اعطيش,atish
اعطيوه,atiya
اعطيوي,atiawi
اعلاو,alaw
اعلاوي,alawi
اعليان,elyan
اعويص,awis
اغا,agha
اغاني,aghani
اغبيط,aghbeet
اغريب,ighrayyib
اغنيم,ighneim
افتخار,iftikhar
افتكار,iftikar
افتيحه,iftiha
افراح,afrah
افريج,afrej
افسيفس,afsifes
افطيمه,aftaima
افكار,afkar
افنان,afnan
اقديح,iqdeih
اقزايه,iqzaya
اقصيعة,iqseya
اقصيعه,iqseya
اقطيفان,iqtifan
اكتمال,iktimal
اكتيع,iktia
اكرام,ikram
اكرامي,ikrami
اكرم,akram
اكريره,akrira
اكريم,ekreim
اكفايه,ikfaya
اكي,aki
ال,al
الأبيض,al-abyad
الأحرب,al-ahrab
الأخرس,al-akhras
الأخشم,al-akhsham
الأدغم,al-adgham
الأدهم,al-adham
الأستاذ,al-ustaz
الأسد,al-assad
الأسطل,al-astal
الأشعل,al-ashaal
الأشقر,al-ashqar
الأطرش,al-atrash
الأعرج,al-aaraj
الأغا,al-agha
الأفغاني,al-afghani
الأمير,al-amir
الأميرة,al-amira
الأميطل,al-amital
الأمين,al-amin
الأنصاري,al-ansari
الأنقح,al-anqah
الأي,al-ay
الإسلام,al-islam
الإفرنجي,al-ifranji
الإيمان,al-iman
الاء,alaa
الابيض,al-abyad
الاحول,al-ahwal
الاحيوي,al-ahiwi
الاخارسه,al-akharsa
الاخرس,al-akhras
الاخشم,al-akhsham
الادعس,al-adas
الادغم,al-adgham
الادهم,al-adham
الارقم,al-arqam
الارناؤط,al-arnaut
الازبط,al-azbat
الازرق,al-azraq
الازعر,al-azaar
الازهري,al-azhari
الاستاذ,al-ustaz
الاسدي,al-asadi
الاسطل,al-astal
الاسلام,al-islam
الاسمر,al-asmar
الاسود,al-aswad
الاسي,al-asi
الاشرم,al-ashram
الاشعل,al-ashaal
الاشقر,al-ashqar
الاشهب,al-ashhab
الاشوح,al-ishuh
الاضم,al-adam
الاطبش,al-atbash
الاطرش,al-atrash
الاعرج,al-aaraj
الاعور,al-awar
الاغا,al-agha
الاغواني,al-aghwani
الافرنجي,al-ifranji
الافغانى,al-afghani
الافغاني,al-afghani
الافندي,al-afandi
الافنيش,al-afnish
الاقرع,al-aqra
الالك,alalk
الامام,al-imam
الامير,al-amir
الاميرة,alameirah
الاميره,al-amira
الاميطل,al-amital
الامين,al-amin
الانصاري,al-ansari
الانغر,al-anghar
الانقح,al-anqah
الانقر,al-anqar
الاي,al-ay
الايمان,al-iman
الايوبى,al-ayoubi
الايوبي,al-ayoubi
البابا,al-baba
البابلي,al-babli
الباري,bari
الباز,al-baz
الباسا,albasa
الباسط,basit
الباشا,al-basha
الباقة,al-baqa
الباقه,al-baqa
الباقي,baqi
الباكستاني,al-bakistani
البايض,al-bayid
البتول,al-batoul
البتي,al-batti
البحابصه,al-bahabsa
البحر,al-bahr
البحراوي,al-bahrawi
البحري,al-bahri
البحطيطي,al-bahteiti
البحيري,al-buhairi
البحيصي,al-bheisi
البدرساوي,al-badrsawi
البدري,al-badri
البدوي,al-badawi
البدى,al-badi
البدي,al-badi
البر,al-barr
البراء,al-baraa
البرادعي,al-baradei
البراغيتي,al-baraghiti
البراهمه,al-brahma
البراوي,al-barawi
البربار,al-barbar
البربري,al-barbari
البردويل,al-bardawil
البرديني,al-bardeini
البرش,al-barsh
البرعاوي,al-barawi
البرعصي,al-barasi
البرعي,al-barai
البرقاوي,al-barqawi
البرقوني,al-barqouni
البرقي,al-barqi
البرنيه,al-barnia
البري,al-bari
البريم,al-breem
البزم,al-bazm
البس,al-bas
البساينه,al-basayna
البسوس,al-basus
البسيونى,al-basyouni
البسيوني,al-basyouni
البش,al-bash
البشتلي,al-bashtali
البشليقي,al-bashliqi
البشليكي,al-bashliki
البشيتي,al-bsheiti
البطة,albtah
البطران,al-batran
البطراوي,al-batrawi
البطريخي,al-batrikhi
البطش,al-batsh
البطنيجى,al-batneiji
البطنيجي,al-batneiji
البطه,al-batta
البطيخ,al-batikh
البع,al-baa
البغدادي,al-baghdadi
البقري,al-baqri
البكري,al-bakri
البلبيسي,al-balbisi
البلتاجي,al-baltaji
البلعاوي,al-balawi
البلوي,al-balawi
البلي,al-bali
البليحي,al-blaihi
البليشي,al-blishi
البنا,al-banna
البهبهاني,al-bahbahani
البهتيمي,al-bahteimi
البهتيني,al-bahtini
البهلول,al-bahloul
البهنساوي,al-bahnsawi
البهو,al-baho
البواب,al-bawwab
البوبلي,al-bubli
البوبو,al-bobo
البوجي,al-bouji
البورنو,al-borno
البياري,al-biari
البياع,al-bayaa
البيبه,al-biba
البيبي,al-bibi
البيرم,al-bairam
البيشاوي,al-bishawi
البيض,al-beid
البيطار,al-bitar
البيك,al-beik
البيوك,al-bayouk
البيومي,al-bayoumi
التتر,al-tatar
التتري,al-tatari
التح,al-tah
الترابين,al-tarabin
الترابيين,al-tarabin
الترامسي,al-tramsi
الترتوري,al-tarturi
الترك,al-turk
التركماني,al-turkmani
الترهوني,al-tarhuni
التري,al-tari
التعبان,al-taban
التلاوي,al-tilawi
التلباني,al-talbani
التلمس,al-talmas
التلولي,al-talouli
التلي,al-talli
التوم,al-tom
التيتي,al-teyti
الثائر,al-thaer
الثلاثيني,al-thalathini
الثوابته,al-thawabta
الجابر,jaber
الجاجة,al-jaja
الجاجه,al-jaja
الجاروشة,al-jarosha
الجاروشه,al-jarosha
الجالوس,al-jalous
الجايح,al-jayih
الجبار,jabbar
الجبالى,al-jabali
الجبالي,al-jabali
الجبري,al-jabri
الجبور,al-jabour
الجبيري,al-jubairi
الجبين,al-jbeen
الجحش,al-jahsh
الجخبير,al-jakhbir
الجخلب,al-jakhlub
الجد,al-jad
الجدبه,al-jadba
الجدي,al-jadi
الجديان,al-jedian
الجديلي,al-jdeili
الجرابعة,al-jarabaa
الجرابعه,al-jarabaa
الجراح,al-jarrah
الجربه,al-jarba
الجرجاوي,al-jarjawi
الجرجير,al-jirjir
الجردلي,al-jardali
الجرف,al-jarf
الجرو,al-jarw
الجريسي,al-juraisi
الجزار,al-jazzar
الجعب,al-jaab
الجعبري,al-jabari
الجعبير,al-jabir
الجعفراوي,al-jafarawi
الجعفري,al-jafari
الجعل,al-jaal
الجعيدي,al-jaidi
الجلاد,al-jallad
الجلب,al-jalb
الجليس,al-jalees
الجليل,jalil
الجماصي,al-jamasi
الجمال,al-jamal
الجمالي,al-jamali
الجمل,al-jamal
الجملة,al-jumla
الجنان,al-jinan
الجندي,al-jundi
الجوابره,al-jawabra
الجواد,jawad
الجوجو,al-juju
الجورانى,aljoarana
الجوراني,al-jourani
الجوزات,aljozat
الجيار,al-jayyar
الجيش,al-jaish
الجيعان,al-jian
الحاج,al-haj
الحاجه,al-hajja
الحارث,al-harith
الحاطوم,al-hatom
الحافط,hafiz
الحافظ,hafez
الحافي,al-hafi
الحانوتي,al-hanuti
الحاوي,al-hawi
الحايك,al-hayek
الحبشي,al-habashi
الحبل,al-habal
الحبيب,al-habib
الحبيبي,al-habibi
الحته,al-hatta
الحتو,al-hato
الحج,al-haj
الحجار,al-hajjar
الحجوج,al-hajuj
الحداد,al-haddad
الحديدي,al-hadidi
الحرازين,al-harazin
الحرتاني,al-hartani
الحرثاني,al-harthani
الحردون,al-hardoun
الحزقي,al-hezqi
الحزين,al-hazeen
الحساسنه,al-hasasna
الحساينة,al-hasayna
الحساينه,al-hasayna
الحسن,al-hassan
الحسنات,al-hasanat
الحسنه,al-hasna
الحسنى,al-hosni
الحسني,al-hosni
الحسومي,al-hasoumi
الحسين,al-hussein
الحسيني,al-husseini
الحشاش,al-hashash
الحصرى,al-husri
الحصري,al-husri
الحصين,al-hussein
الحصيني,al-huseini
الحطاب,al-hattab
الحفظ,alhfz
الحفناوي,al-hafnawi
الحفني,al-hafni
الحفيظ,hafiz
الحق,al-haq
الحكيم,hakim
الحلاق,al-hallaq
الحلبى,al-halabi
الحلبي,al-halabi
الحلو,al-helou
الحلولي,al-halouli
الحلوني,al-halwani
الحليسي,al-halisi
الحليم,halim
الحليمي,al-halimi
الحمادين,al-hammadin
الحمارنه,al-hamarna
الحمامي,al-hammami
الحمايدة,al-hamayda
الحمايده,al-hamayda
الحمران,al-hamran
الحمري,al-hamri
الحمضيات,al-hamdiyat
الحملاوي,al-himlawi
الحميد,hamid
الحميدي,al-humaidi
الحناجره,al-hanajra
الحناوى,alhanaoa
الحناوي,al-hinawi
الحنجوري,al-hanjouri
الحنفي,al-hanafi
الحو,al-ho
الحواجره,al-hawajra
الحواجري,al-hawajri
الحواش,al-hawash
الحوت,al-hout
الحوراني,al-hourani
الحوش,al-housh
الحولي,al-houli
الحوم,al-houm
الحويحى,al-hweihi
الحويطي,al-huwaiti
الحى,hai
الحي,hai
الحياه,al-hayah
الحيله,al-hila
الحيه,al-hayya
الخالدي,al-khalidi
الخالق,khaliq
الخباب,al-khabbab
الخباري,al-khabari
الخباز,al-khabbaz
الختام,al-khitam
الخراز,al-kharraz
الخربيشي,al-khurbaishi
الخرطي,al-khurti
الخروبي,al-khroubi
الخريبي,al-khuraibi
الخزار,alkhzar
الخزندار,al-khazindar
الخضري,al-khudari
الخطيب,al-khatib
الخليلي,al-khalili
الخمايسه,al-khamaysa
الخميسي,al-khamisi
الخواجة,al-khawaja
الخواجه,al-khawaja
الخواص,al-khawas
الخوالده,al-khawalda
الخوالدي,al-khawaldi
الخور,al-khor
الخولي,al-khouli
الخوه,al-khawa
الخياط,al-khayyat
الخير,al-khair
الخيري,al-khairy
الخيسي,al-khaisi
الداعور,al-daour
الدالي,al-dali
الداهودي,al-dahoudi
الداهوك,al-dahouk
الداية,al-daya
الدايم,dayem
الدايه,al-daya
الدبارى,aldbara
الدباري,al-dabbari
الدباس,al-dabbas
الدباغ,al-dabbagh
الدباكة,al-dabbaka
الدباكه,al-dabbaka
الدباكي,al-dabbaki
الدبجي,al-dabji
الدبس,al-dibs
الدبش,al-dabash
الدبور,al-dabour
الدجاني,al-dajani
الدجني,al-dajani
الدحدوح,al-dahdouh
الدحنون,al-dahnun
الدخاخني,al-dakhakhni
الددا,al-dada
الددة,al-dada
الدده,al-dada
الدراوشه,al-darawsha
الدرباشي,al-darbashi
الدربالي,al-darbali
الدربي,al-darbi
الدرة,al-durra
الدرج,al-daraj
الدردساوي,al-dardasawi
الدرديسي,al-dardisi
الدرزي,al-darzi
الدرفيل,al-darfil
الدره,al-durra
الدرهلي,al-darhali
الدريملي,al-dremli
الدرينى,al-derini
الدريني,al-derini
الدريوي,al-driwi
الدسوقي,al-desouki
الدشت,al-dasht
الدعادله,al-daadila
الدعالسه,al-daalsa
الدعبله,al-dabla
الدعدور,al-dadour
الدعليس,al-dalis
الدعمة,al-daama
الدعيج,al-duaij
الدغل,al-daghal
الدغمة,al-daghma
الدغمه,al-daghma
الدقران,al-daqran
الدقس,al-daqes
الدقشه,al-daqsha
الدقه,al-daqqa
الدقي,al-duqi
الدلو,al-dalo
الدم,al-dam
الدماسي,al-damasi
الدماغ,al-dammagh
الدمياطي,al-dumyati
الدن,al-dan
الدنف,al-danaf
الدهدار,al-dahdar
الدهشان,al-dahshan
الدهن,al-dahan
الدهيني,al-daheini
الدواهيد,al-dawahid
الدواوسه,al-dawawsa
الدوس,al-dous
الدوش,al-doush
الدويك,al-duwaik
الديب,al-deeb
الديراوي,al-dirawi
الديرى,aldira
الديري,al-deiri
الدين,al-din
الدينه,al-dina
الديني,al-deini
الرؤوف,raouf
الرازق,razzaq
الراس,al-ras
الراعي,al-rai
الرباعي,al-rubai
الربايعة,al-rabaya
الربايعه,al-rabaya
الربعي,al-rubaie
الرجوب,al-rajoub
الرجودي,al-rajudi
الرحال,al-rahhal
الرحل,al-rahal
الرحمن,rahman
الرحيم,rahim
الرحيمد,rahimed
الرخاوى,alrkhaoa
الرخاوي,al-rakhawi
الرديسي,al-rdaisi
الرز,al-ruz
الرزاق,razzaq
الرزاني,al-razzani
الرزاينه,al-rzaina
الرزي,al-razi
الرسول,rasoul
الرش,al-rash
الرشيدى,al-rashidi
الرشيدي,al-rashidi
الرضيع,al-radei
الرفاتي,al-rifati
الرفاعي,al-rifai
الرقب,al-raqab
الركيعي,al-rikei
الرماحي,al-rimahi
الرملاوي,al-ramlawi
الرملي,al-ramli
الرميلات,al-rmeilat
الرميلي,al-rumaily
الرن,al-ran
الرنتيسي,al-rantisi
الرواغ,al-rawwagh
الروبي,al-rubi
الروح,al-rouh
الروس,al-rous
الرومي,al-roumi
الرياحي,al-riyahi
الرياشي,al-riashi
الرياض,alraiadh
الرياطي,al-rayati
الريان,al-rayan
الريس,al-rais
الريش,al-rish
الريفي,al-rifi
الز,alz
الزاملي,al-zamli
الزاهراء,al-zahraa
الزايغ,al-zayegh
الزبدة,al-zubda
الزبده,al-zubda
الزبن,al-zaban
الزبيدي,al-zubaidi
الزبير,al-zubair
الزر,al-zir
الزرابي,al-zarabi
الزربا,al-zarba
الزربتلي,al-zarbtali
الزرد,al-zard
الزرقه,al-zarqa
الزريعي,al-zureii
الزطمة,al-zatma
الزطمه,al-zatma
الزعانين,al-zaanin
الزعبوط,al-zabout
الزعزوع,al-zaazou
الزعنون,al-zanoun
الزعيم,al-zaim
الزغبي,al-zoghbi
الزغل,al-zaghal
الزق,al-zaq
الزقزوق,al-zaqzouq
الزقوت,al-zaqqut
الزماره,al-zammara
الزمان,al-zaman
الزمر,al-zamar
الزميلي,al-zmaili
الزناتي,al-zanati
الزنتيت,al-zantit
الزنط,al-zanat
الزهار,al-zahhar
الزهارنه,al-zaharna
الزهراء,al-zahraa
الزهراني,al-zahrani
الزهري,al-zuhri
الزهور,al-zuhur
الزهيري,al-zuhairi
الزوارعة,al-zawara
الزوارعه,al-zawara
الزويدى,al-zuwaidi
الزويدي,al-zuwaidi
الزيادى,al-ziyadi
الزيان,al-zayan
الزيتونية,al-zeitouniya
الزيتونيه,al-zeitouniya
الزيتي,al-zaiti
الزير,al-zair
الزين,al-zain
الزيناتي,al-zinati
الزيني,al-zaini
الساتر,sater
السادر,al-sader
الساعاتي,al-saati
الساعي,al-saei
السالم,al-salim
السالمي,al-salmi
السايح,al-sayeh
السايس,al-sayes
السباح,al-sabbah
السباخي,al-sabbakhi
السباعي,al-sibai
السبتي,al-sabti
السبح,al-subh
السبع,al-sabe
السبعاوي,al-sabawi
الستار,sattar
السحار,al-sahhar
السحباني,al-sahbani
السحلوب,al-sahloub
السحو,al-saho
السحوه,al-sahwa
السخله,al-sakhla
السدودي,al-sudoudi
السر,al-sir
السراج,al-siraj
السرحى,al-sarhi
السرحي,al-sarhi
السردي,al-serdi
السرساوي,al-sarsawi
السرسك,al-sarsak
السري,al-sari
السطرى,al-satri
السطري,al-satri
السعاتي,al-saati
السعافين,al-saafin
السعايده,al-saayda
السعدي,al-saadi
السعود,al-saud
السعودي,al-saudi
السعيد,al-said
السعيدني,al-saidni
السفريه,al-safriya
السقا,al-saqqa
السك,al-sak
السكافى,al-sakafi
السكافي,al-sakafi
السكحفي,al-sakhafi
السكسك,al-saksak
السكني,al-sakani
السلاخي,al-selakhi
السلام,salam
السلامين,al-salameen
السلاوي,al-salawi
السلبد,al-salbad
السلطان,al-sultan
السلطي,al-salti
السلفيتي,al-salfiti
السلق,al-salaq
السلقاوي,al-salqawi
السلك,al-silk
السلوت,al-salout
السلول,al-saloul
السلي,al-sali
السماعنه,al-samana
السماك,al-sammak
السمان,al-samman
السمري,al-samri
السمك,al-samak
السمنه,al-samna
السمهوري,al-samhouri
السموني,al-samouni
السميري,al-sumairi
السميع,sami
السناوي,al-sinawi
السنداوي,al-sindawi
السنكري,al-sankari
السنوار,al-sinwar
السهلي,al-sahli
السواركه,al-sawarka
السوافيري,al-sawafiri
السوده,al-souda
السوسي,al-sousi
السوطري,al-sutri
السويركي,al-sweirki
السويسى,sweisi
السويسي,al-sweisi
السويطي,al-sweiti
السياح,alsaiah
السيد,al-sayed
السيسي,al-sisi
السيقلي,al-siqli
السيلاوي,al-silawi
الشاعر,al-shaer
الشافعي,al-shafei
الشافي,shafi
الشاقوق,al-shaqouq
الشامى,alshama
الشامي,al-shami
الشاوي,al-shawi
الشاويش,al-shawish
الشباكي,al-shabbaki
الشبراوي,al-shabrawi
الشبلي,al-shibli
الشجيع,al-shajee
الشحري,al-shahri
الشخريت,al-shakhrit
الشراتحة,alshrathah
الشراتحه,al-sharatha
الشرافي,al-shrafi
الشرباصي,al-sharbasi
الشرفا,al-sharafa
الشرقاوي,al-sharqawi
الشريحي,al-shrihi
الشريف,al-sharif
الششنيه,al-shashniya
الشطلي,al-shatali
الشعافي,al-shaafi
الشعر,al-shaar
الشعراوي,al-sharawi
الشغنوبي,al-shaghnoubi
الشقاقي,al-shaqaqi
الشقره,al-shaqra
الشكري,al-shukri
الشكور,shakur
الشلالفه,al-shalalfa
الشلبي,al-shalabi
الشلتاوي,al-shaltawi
الشلح,al-shalah
الشلف,al-shalaf
الشلفوح,al-shalfouh
الشمالي,al-shamali
الشمباري,al-shambari
الشن,al-shan
الشنا,al-shanna
الشناط,al-shanat
الشنب,al-shanab
الشنباري,al-shanbari
الشنتف,al-shantaf
الشندغلي,al-shandaghli
الشندي,al-shindi
الشنشير,al-shanshir
الشنشيري,alshnashiri
الشنطي,al-shanti
الشوا,al-shawa
الشواف,al-shawwaf
الشوامرة,al-shawamra
الشوبكي,al-shobaki
الشوربجى,al-shorbaji
الشوربجي,al-shorbaji
الشولي,al-sholi
الشويخ,al-shweikh
الشويكي,al-shweiki
الشياح,al-shiyah
الشيبي,al-shaibi
الشيخ,al-sheikh
الشيشي,al-shishi
الشيماء,al-shaima
الشيمي,al-shimi
الصادق,al-sadiq
الصادي,al-sadi
الصالحي,al-salhi
الصانع,al-sania
الصاوي,al-sawi
الصايغ,al-sayegh
الصباح,al-sabah
الصباغ,al-sabbagh
الصبيحي,al-subaihi
الصديق,al-siddiq
الصردى,al-sardi
الصرفيطي,al-sarfiti
الصعيدي,al-saidi
الصفدي,al-safadi
الصفطاوي,al-saftawi
الصلاحات,al-salahat
الصليبي,al-slaibi
الصمد,samad
الصن,al-sun
الصواف,al-sawwaf
الصوالحه,al-sawalha
الصوالحي,al-sawalhi
الصوراني,al-sourani
الصوري,al-souri
الصوص,al-sous
الصوفي,al-sufi
الصوير,al-suweir
الصيداوي,al-sidawi
الصيرفي,al-sairafi
الصيفي,al-saifi
الضابوس,al-dabous
الضاش,al-dash
الضاني,al-dani
الضبه,al-dabba
الضعيفي,al-daifi
الطاهر,al-taher
الطباطيبى,al-tabatibi
الطباطيبي,al-tabatibi
الطبجي,al-tabji
الطبراني,al-tabrani
الطبش,al-tabsh
الطحان,al-tahan
الطحله,al-tahla
الطرابيش,al-tarabish
الطرابين,al-tarabin
الطرشاوي,al-tarshawi
الطرشه,al-tarsha
الطرطور,al-tartur
الطرهوني,al-tarhuni
الطريفي,al-tarifi
الطريني,al-turini
الطلاع,al-tallaa
الطلالقه,al-talalqa
الطناني,al-tanani
الطنطاوي,al-tantawi
الطنه,al-tanna
الطهراوي,al-tahrawi
الطواشي,al-tawashi
الطوط,al-tout
الطويل,al-taweel
الطيب,al-tayyeb
الطيبي,al-taybi
الطير,al-tair
الطيف,al-tayyif
الطيور,al-tyour
الظاظا,al-zaza
العابد,al-abed
العابدين,al-abdeen
العاجز,al-ajez
العاروقي,al-arouqi
العاصي,al-asi
العاطى,ati
العاطي,ati
العال,aal
العالم,al-aalem
العالول,al-aloul
العامودي,al-amoudi
العاوور,al-awour
العايدي,al-aydi
العبادسه,al-abadsa
العبادلة,al-abadla
العبادله,al-abadla
العبادي,al-abbadi
العباسي,al-abbasi
العبد,al-abd
العبدمحمود,alabdul-mahmood
العبسي,al-absi
العبودي,al-abudi
العبويني,al-abuweini
العبيات,al-abayat
العبيد,al-obeid
العتال,al-attal
العثامنه,al-athamna
العثماني,al-othmani
العجب,al-ajab
العجرمي,al-ajrami
العجل,al-ajal
العجلة,al-ajla
العجله,al-ajla
العجمي,alajmai
العجوري,al-ajouri
العجوز,al-ajouz
العجيلي,al-ajeili
العجين,al-ajin
العداسي,al-adasi
العدلوني,al-adluni
العديسي,al-addaisi
العديني,al-edeini
العر,al-arr
العرابيد,al-arabid
العراج,al-araj
العراوي,al-arawi
العرايشة,al-araysha
العرايشه,al-araysha
العرايشي,al-araishi
العربشلي,al-arabshali
العربي,al-arabi
العربيد,al-arbid
العرجا,al-arja
العرجان,al-arjan
العرجاني,al-arjani
العرجه,al-arja
العرعير,al-arair
العرقان,al-irqan
العرمي,al-arami
العروق,al-orouk
العروقي,al-orouqi
العريان,al-aryan
العريني,al-oreini
العز,al-izz
العزازمه,al-azazma
العزازي,al-azazi
العزامي,al-azami
العزايزه,al-azaiza
العزب,al-azab
العزوني,al-azzouni
العزيب,al-azib
العزيز,aziz
العسكري,al-askari
العسلي,al-asali
العسولي,al-asouli
العش,al-ish
العشره,al-ashara
العشي,al-ashi
العصار,al-assar
العضم,al-adhm
العطا,al-ata
العطار,al-attar
العطاونة,alaataonah
العطاونه,al-atawna
العطعوط,al-atout
العطل,al-atal
العطوي,al-atwi
العطيم,alaataiam
العظيم,azim
العف,al-eff
العفش,al-afash
العفيفي,al-afifi
العقاد,al-aqqad
العقرب,al-aqrab
العقيلي,al-aqili
العكاوي,al-akkawi
العكر,al-akkar
العكش,al-akash
العكشية,al-akshiya
العكلوك,al-aklouk
العكه,al-akka
العلا,al-ola
العلاوي,al-allawi
العلمي,al-ilmi
العلول,al-aloul
العلوي,al-alawi
العليم,alim
العمارين,al-amarin
العماوي,al-amawi
العمايرة,al-amayra
العمايره,al-amayra
العمر,al-omar
العمراني,al-imrani
العمرنى,alamarna
العمرني,al-omrani
العمري,al-omari
العمريطي,al-amriti
العمرين,al-omreen
العمش,al-amash
العمصي,al-amsi
العمواسي,al-amwasi
العمودي,al-amudi
العمور,al-amour
العنزي,al-anazi
العنزين,al-anzin
العنود,al-anoud
العنين,al-enein
العواودة,al-awawda
العواوده,al-awawda
العودات,al-awdat
العوضي,al-awadi
العوضية,al-awadiya
العوضيه,al-awadiya
العوف,al-awf
العون,al-aoun
العونة,al-awna
العويدات,alaoidat
العويسي,al-awaisi
العويصي,al-oweisi
العويطي,al-owaiti
العويني,al-owaini
العيد,al-eid
العيس,al-eis
العيسوي,al-issawi
العيسى,al-issa
العيش,al-aish
العيلة,al-aila
العيله,al-aila
العين,al-ein
العيوطي,al-ayouti
الغازي,al-ghazi
الغالي,al-ghali
الغرابلي,al-ghurabli
الغرام,al-gharam
الغرباوي,al-gharbawi
الغربى,al-gharbi
الغرة,al-ghurra
الغره,al-ghurra
الغريب,al-ghareeb
الغريز,al-ghariz
الغز,al-ghaz
الغزالي,al-ghazali
الغزاوي,al-ghazawi
الغصين,al-ghusein
الغظيم,alghziam
الغف,al-ghuf
الغفار,ghaffar
الغفاري,al-ghaffari
الغفرى,al-ghafri
الغفري,al-ghafri
الغفور,ghafour
الغفير,al-ghafir
الغلاييني,al-ghalayini
الغلبان,al-ghalban
الغليض,alghlaidh
الغليظ,al-ghaliz
الغليظي,al-ghalizi
الغماري,al-ghumari
الغمري,al-ghamri
الغنام,al-ghannam
الغندور,al-ghandour
الغني,ghani
الغوطي,al-ghoti
الغول,al-ghoul
الغولة,al-ghula
الغوله,al-ghula
الغيايضه,al-ghayaida
الفاتح,al-fatih
الفاخوري,al-fakhoury
الفار,al-far
الفارس,al-faris
الفاروق,al-farouk
الفاضي,al-fadi
الفالوجي,al-falouji
الفت,ulfat
الفتاح,fattah
الفتح,al-fateh
الفتياني,al-fatyani
الفجم,al-fajm
الفحام,al-fahham
الفحم,al-fahm
الفرا,al-farra
الفراحتة,al-farahta
الفراحته,al-farahta
الفرام,al-farram
الفران,al-farran
الفراني,al-farani
الفرجاني,al-farjani
الفرخ,al-farrukh
الفرع,al-fara
الفرماوي,al-farmawi
الفسفوس,al-fasfous
الفسيس,al-fasis
الفصيح,al-fasih
الفطايرجي,al-fatayerji
الفقعاوى,al-faqawi
الفقعاوي,al-faqawi
الفقي,al-fiqi
الفقيه,al-faqih
الفلا,al-fala
الفليت,al-fleit
الفول,al-foul
الفيته,al-fita
الفيراني,al-fairani
الفيري,al-firi
الفيومي,al-fayoumi
القادر,qadir
القادري,al-qadri
القادود,al-qadoud
القاسم,al-qasim
القاضى,al-qadi
القاضي,al-qadi
القاعود,al-qaoud
القاق,al-qaq
القانوص,al-qanous
القانوع,al-qanou
القانوعي,al-qanoi
القايض,al-qayed
القباني,al-qabbani
القبط,al-qubt
القتيل,al-qatil
القدرة,al-qudra
القدره,al-qudra
القدس,al-quds
القدوة,al-qudwa
القدوس,qaddous
القديري,al-qudairi
القديم,al-qadim
القرا,al-qara
القرايا,al-qaraya
القرع,al-qara
القرعان,al-quraan
القرعاوي,al-qarawi
القرعه,al-qara
القرم,al-qurm
القرمان,al-qurman
القرن,aliqurn
القرناوي,aliqurnaoi
القريناوي,al-qrinawi
القزاز,al-qazzaz
القسام,al-qassam
القشاش,al-qashash
القشاوي,aliqshaoi
القصاص,al-qassas
القصير,al-qusair
القطاطي,al-qatati
القطاع,al-qattaa
القطراوي,al-qatarawi
القطراي,aliqtrai
القطروس,al-qatarous
القطروي,aliqtroi
القطري,al-qatari
القطشان,al-qatshan
القططي,al-qatati
القطناني,al-qatnani
القفيدي,al-qufaidi
القلازين,al-qalazin
القلقيلي,al-qilqili
القمبز,al-qumbuz
القمحاوي,al-qamhawi
القمر,al-qamar
القمصان,al-qumsan
القمع,al-qama
القن,al-qan
القنفد,al-qunfud
القنوسي,al-qanousi
القهوجي,al-qahwaji
القواس,al-qawwas
القواسمي,al-qawasmi
القوقا,al-qouqa
القولق,al-qulaq
القيسي,al-qaisi
القيشاوي,al-qishawi
القيق,al-qiq
الكاس,al-kas
الكاشف,al-kashef
الكاظمى,al-kadhmi
الكاظمي,al-kazemi
الكباريتي,al-kabariti
الكتري,al-ketri
الكتناني,al-katnani
الكجك,al-kajak
الكحلوت,al-kahlout
الكدش,al-kadash
الكرد,al-kurd
الكردى,al-kurdi
الكردي,al-kurdi
الكرزون,al-karzoun
الكرنب,al-kurnub
الكرنز,al-karanz
الكريري,al-kreiri
الكريم,karim
الكريمي,al-karimi
الكسيح,al-ksih
الكسيحه,al-ksiha
الكفارنة,al-kafarna
الكفارنه,al-kafarna
الكلزاني,al-kalzani
الكملات,al-kamalat
الكموني,al-kamouni
الكولك,al-kulak
الكومي,al-komi
الكويفي,al-kuwaifi
الكيال,al-kayyal
الكيالي,al-kayali
الكيلاني,al-kilani
اللبابيدي,al-lababidi
اللباد,al-labbad
اللبان,al-laban
اللبن,al-laban
اللحام,al-lahham
اللخاوي,al-likhawi
اللداوي,al-lidawi
اللدعة,allduaah
اللدعه,al-lada
اللطيف,latif
اللقطه,al-laqta
اللل,al-lal
الللي,al-lali
اللمداني,al-lamdani
الله,allah
اللهواني,al-lahwani
اللوح,al-louh
اللوقة,al-luqa
اللوقه,al-luqa
اللولحي,al-loulhi
اللولو,al-lulu
اللي,al-li
الليالي,al-layali
الليل,al-leil
المأمون,al-mamoun
المؤمن,mumin
المؤيد,al-muayad
الما,alma
الماشى,al-mashi
الماشي,al-mashi
الماظة,al-maza
المالك,malik
المباشر,al-mubasher
المبحوح,al-mabhouh
المبيض,al-mubayyid
المتبولي,al-matbouli
المتربيعي,al-mutarbaie
المتولى,al-metwalli
المتولي,al-metwalli
المثنى,al-muthanna
المجاهدين,al-mujahidin
المجايدة,al-majayda
المجايده,al-majayda
المجدلاوي,al-majdalawi
المجدوب,al-majdoub
المجذوب,al-majzoub
المجيد,majid
المحتسب,al-muhtasib
المحروق,al-mahruq
المحسن,mohsen
المحلاوي,al-mahlawi
المختار,al-mukhtar
المدفع,al-madfaa
المدلل,al-mudallal
المدللة,al-mdallala
المدني,al-madani
المدهون,al-madhoun
المرنخ,al-marnakh
المريدي,al-mreidi
المزعنن,al-muzaanin
المزنر,al-miznar
المزين,al-muzayyen
المزيني,al-muzaini
المسارعي,al-msarai
المسحال,al-mishal
المسلاتي,alamsalati
المسلمي,al-maslami
المشارفه,al-musharafa
المشاوخ,al-mashawikh
المشعلجي,al-mashalji
المشلح,al-mushlih
المشهراوي,al-mashrawi
المشوخي,al-mashukhi
المصالحة,al-msalha
المصالحه,al-msalha
المصدر,al-masdar
المصري,al-masri
المصرين,al-misriyin
المطلب,muttaleb
المطوق,al-matouq
المطيب,al-mutayeb
المظلوم,al-mazloom
المعاتقه,al-maatqa
المعتز,al-mutaz
المعتصم,al-mutasim
المعزه,al-maza
المعشر,al-mashar
المعصوابي,al-masoabi
المعطى,muti
المعطي,muti
المعلواني,al-malwani
المعني,al-maani
المعين,muin
المغاري,al-maghari
المغايضة,alamghaidhah
المغايضه,al-maghayida
المغايظه,al-mughaida
المغربي,al-maghribi
المغني,al-mughanni
المغير,al-mughayer
المفتي,al-mufti
المقادمة,alamuqadamah
المقادمه,al-maqadma
المقصود,maqsoud
المقطران,alamuqtran
المقطرن,al-muqatran
المقنن,al-muqanin
المقوسى,al-maqousi
المقوسي,al-maqousi
المقيد,al-muqayyed
المكارم,al-makarem
المكان,alamakan
المكاوي,al-makkawi
الملاحي,al-millahi
الملالحه,al-malaha
الملح,al-malah
الملش,al-malash
الملفوح,al-malfouh
الملك,malak
المليحي,al-mlaihi
المملوك,al-mamluk
المناصره,al-manasra
المناعمة,al-manaama
المناعمه,al-manaama
المنايعة,al-manaya
المنايعه,al-manaya
المنتصر,al-muntasir
المنسي,al-mansi
المنشد,al-munshid
المنعم,moneim
المنكوش,al-mankoush
المنيراوي,al-munirawi
المنيعي,al-maniei
المنيفي,al-minifi
المهتدي,al-muhtadi
المهدد,al-muhaddad
المهدى,al-mahdi
المهدي,al-mahdi
المهموم,al-mahmum
المهيمن,muhaimin
الموسه,al-mousa
المولى,mawla
المى,alma
الميدنه,al-meidna
الميناوي,al-minawi
النابلسيه,al-nabulsia
الناجي,al-naji
النادي,al-nadi
الناصر,naser
الناطور,al-natour
الناعم,al-naem
الناعوق,al-naouq
الناقه,al-naqa
النامولي,al-namuli
النباهين,al-nabahin
النبريص,al-nabris
النبريصي,al-nabrisi
النبي,nabi
النبيه,al-nabih
النجا,al-naja
النجار,al-najjar
النجدي,al-najdi
النجمه,al-najma
النجمي,al-najmi
النجيلى,al-najili
النجيلي,al-najili
النحال,al-nahhal
النحوي,al-nahwi
النخال,al-nakhal
النخالة,alnkhalah
النخاله,al-nakhala
الندر,al-nadr
الندى,al-nada
النديات,al-nadiat
النديم,al-nadeem
النذر,al-nazr
النزلي,al-nazli
النسر,al-nasr
النشار,al-nashar
النشاش,al-nashash
النصاصره,al-nasasra
النصر,al-nasr
النضر,al-nadr
النعامي,al-naami
النعسان,al-nasan
النعيزي,al-neizi
النعيم,naim
النفار,al-naffar
النقله,al-naqla
النقيب,al-naqib
النمر,al-nimr
النمرة,alnmarah
النمره,al-nimra
النمروطي,al-namroti
النمس,al-names
النملة,al-namla
النمله,al-namla
النمنم,al-namnam
النواتي,al-nawati
النواجحة,al-nawajha
النواجحه,al-nawajha
النواجي,al-nawaji
النواس,alnwas
النواصرة,al-nawasra
النواصره,al-nawasra
النور,al-nour
النوري,al-nouri
النونو,al-nono
النويري,al-nuweiri
النيرب,al-nayrab
النيل,al-nil
الهادى,hadi
الهادي,hadi
الهالول,al-haloul
الهام,ilham
الهباش,al-habash
الهبيل,al-hubail
الهجين,al-hajin
الهدى,al-huda
الهرباوي,al-harbawi
الهربيطي,al-harbeiti
الهرش,al-hersh
الهركلي,al-harkali
الهسى,al-hassi
الهسي,al-hassi
الهشيم,al-hashim
الهطل,al-hatal
الهلالي,al-hilali
الهلول,al-haloul
الهليس,al-hleis
الهمص,al-hums
الهنا,al-hana
الهنداوي,al-hindawi
الهندي,al-hindi
الهنود,al-hnoud
الهواري,al-hawari
الهوبي,al-houbi
الهودلي,al-houdli
الهور,al-hour
الهوى,al-hawa
الهيثم,al-haitham
الهيصمي,al-haisami
الهيقي,al-haiqi
الواحد,wahed
الوادية,al-wadia
الواديه,al-wadia
الواوي,al-wawi
الوحيدي,al-whaidi
الوخيري,al-wakhairi
الوديدي,al-wdeidi
الوديه,al-wadiya
الور,al-war
الوشاحي,al-washahi
الوصيفي,al-wasifi
الوفائي,al-wafai
الوكيل,al-wakeel
الولاء,al-walaa
الوليد,al-walid
الوليدي,al-walidi
الوهاب,wahab
اليا,alaia
اليازجي,al-yaziji
اليازوري,al-yazouri
الياس,elias
الياسر,al-yasser
الياسين,al-yassin
اليافاوي,al-yafawi
اليخني,al-yakhni
اليزيا,al-yazia
اليس,al-yas
اليعقوبي,al-yaqoubi
اليقين,al-yaqeen
اليمان,al-yaman
اليمني,al-yumna
الين,lin
ام,um
امال,amal
امام,imam
امامة,umama
امامه,umama
امان,aman
اماني,amani
امبارك,imbarak
امتثال,imtithal
امتنان,imtinan
امتياز,imtiaz
امثال,amthal
امجاد,amjad
امجد,amjad
امدوخ,imdoukh
امر,amir
امراحيل,imrahil
امرازيق,imraziq
امريزيق,amreiziq
امطير,imtair
امل,amal
امن,aman
امنة,amna
امنه,amna
امنية,omnia
امنيه,omnia
اموافي,imwafi
اموط,amut
اموم,amoom
امونه,amouna
امية,umayya
امير,amir
اميرة,amira
اميره,amira
اميل,emil
اميمه,umaima
امين,amin
امينة,amina
امينه,amina
اميه,umayya
اناس,anas
انتسال,intisal
انتصار,intisar
انتظار,intizar
انتفاضه,intifada
انتماء,intimaa
انجود,anjoud
انجوم,anjum
انجي,inji
اندلس,andalus
انديرا,indira
انس,anas
انسام,ansam
انسحاب,insihab
انشاصي,inshasi
انشراح,inshirah
انصاف,insaf
انصيو,ansayo
انصيوي,ansiwi
انطون,anton
انطير,antir
انطيز,antiz
انعام,inaam
انعيم,inaim
انغام,angham
انمار,anmar
انهار,anhar
انوار,anwar
انور,anwar
انيس,anis
انيسه,anisa
اهديب,ihdeib
اهل,ahel
اهله,ahla
اهليل,ihleil
اوشاح,oshah
اوصاف,awsaf
اولينا,olina
اوميه,aomaiah
ايات,ayat
اياد,iyad
اياس,iyas
ايان,ayan
اية,aya
ايةالله,ayhatallah
ايسر,aysar
ايسل,aysel
ايسم,isam
ايفا,eva
ايلا,aila
ايلات,aylat
ايلار,ilar
ايلاف,elaf
ايلان,ilan
ايلانا,ilana
ايلول,eylul
ايليا,elia
ايلين,eileen
ايلينا,elina
ايمان,iman
ايمن,ayman
ايناس,inas
اينور,ainour
ايه,aya
ايهاب,ihab
ايهم,ayham
ايوان,iwan
ايوب,ayoub
ايوزور,ayozor
بابا,baba
باجس,bajes
بادر,bader
بارود,baroud
باسل,basel
باسم,basem
باسمة,basma
باسمه,basma
باكزه,bakiza
بالله,billah
بانا,bana
بانة,bana
باهر,baher
باهي,bahi
بتول,batoul
بثينة,butheina
بثينه,butheina
بحر,bahr
بحراوي,bahrawi
بحري,bahri
بحريه,bahriya
بحكم,bihukm
بحور,bhour
بحيري,buhairi
بخيت,bakhit
بدح,badah
بدر,badr
بدران,badran
بدرخان,badrkhan
بدره,badra
بدري,badri
بدرية,badria
بدريه,badria
بدو,badou
بدوان,badwan
بدور,budour
بدوس,baddous
بدوي,badawi
بدوية,badoiah
بدويه,badwiya
بدير,bdair
بديع,badi
بديعة,badia
بديعه,badia
بر,barr
براء,baraa
براءة,baraa
براءه,baraa
براش,barash
براق,baraq
براك,barak
براهمه,brahma
براوي,barawi
برايو,birayu
بربخ,barbakh
برجس,barjas
بردع,barda
برزق,barzaq
برس,birs
برغوت,barghout
برغوث,barghouth
برقوني,barqouni
بركات,barakat
بركة,baraka
بركه,baraka
برهام,burham
برهم,barham
برهوم,barhoum
برهومه,barhouma
بري,bari
بريص,breis
بريعم,breim
بريك,breik
بريكه,breika
بسام,bassam
بستان,bustan
بسمان,basman
بسمة,basma
بسملة,basmala
بسمله,basmala
بسمه,basma
بسنت,basant
بسنتي,basanti
بسند,basnad
بسيسو,bseiso
بسيل,basil
بسيم,basim
بسيمه,baseema
بسينة,busayna
بسينه,busayna
بشار,bashar
بشارة,bishara
بشاره,bishara
بشبش,bashbash
بشرى,bushra
بشناق,bishnaq
بشير,bashir
بصل,basal
بصله,basala
بطاح,battah
بطن,baten
بطنين,batnein
بطيحان,butaihan
بطين,bateen
بظاظو,bazazu
بعره,baara
بعلوشة,balousha
بعلوشه,balousha
بغدوده,baghdouda
بكر,bakr
بكرة,bakra
بكره,bakra
بكرون,bakroun
بكري,bakri
بكير,bekir
بلاطه,balata
بلال,bilal
بلبل,bulbul
بلح,balah
بلحه,balha
بلسم,balsam
بلور,ballour
بلى,bali
بلي,bali
بليحه,blaiha
بليمه,bleima
بليمي,blimi
بن,bin
بنات,banat
بنال,banal
بنان,banan
بنت-الهام,daugther of elham
بنت,bint
بنت/زينب,daughter of zainab
بنت/عائشة,daughter of aysha
بنت\محمد,daughter of mohammad
بنتزينب,bntzainab
بنتمحمد,bintemuhammad
بندر,bindar
بنر,bnar
بهاء,bahaa
بهاءالدين,baha-uddin
بهادر,bahadir
بهار,bahar
بهجت,bahjat
بهجه,bahja
بهجهت,bahjat
بهلول,bahloul
بهي,bahi
بهية,bahiya
بهيج,baheej
بهيجه,bahija
بهيه,bahiya
بواب,bawwab
بوادي,bawadi
بوزيه,bozaya
بوسف,yousuf
بولان,bolan
بياع,bayaa
بياعه,bayaa
بيان,bayan
بيبي,bibi
بيرم,bairam
بيروت,beirut
بيرين,birin
بيسان,bisan
بيض,beid
بيك,beik
بيلسان,bailasan
بينار,binar
بينه,baina
بيوك,bayouk
بيومي,bayoumi
تاج,taj
تاكت,takat
تالا,tala
تالة,tala
تالد,taled
تاله,tala
تاليا,talia
تالية,talia
تالين,taleen
تاليه,talaiah
تامر,tamer
تايلا,tayla
تايه,taya
تبارك,tabarak
تبانه,tabana
تبسير,tabseer
تحرير,tahrir
تحسين,tahseen
تحفه,tuhfa
تحمد,thamd
ترابين,tarabin
تربان,turban
ترزي,tarzi
تركي,turki
تركيه,turkiya
تساهيل,tasahil
تسبيح,tasbeeh
تسنيم,tasneem
تشرين,tishreen
تغريد,taghreed
تفاحه,tufaha
تقوى,taqwa
تقى,tuqa
تقي,tuqa
تكونة,takona
تكونه,takona
تكوين,takween
تلين,telin
تمارا,tamara
تمارة,tamara
تماره,tamara
تمام,tamam
تماني,tamani
تمراز,tamraz
تمره,tamra
تميم,tamim
تنيره,tanira
تهامي,tuhami
تهاني,tahani
توجان,tujan
توحيد,tawhid
توفيق,tawfiq
توفيقه,tawfiqa
تولين,tuleen
توها,tuha
توهه,taha
تيا,tia
تيسير,taysir
تيسيره,taysira
تيلخ,telkh
تيم,teem
تيما,tima
تيماء,tayma
تيمالله,taymallah
تيمة,taima
تيمه,taima
ثائر,thaer
ثائر,thaer
ثابت,thabet
ثارى,thari
ثاري,thari
ثروة,tharwa
ثروت,tharwat
ثريا,thuraya
ثلجي,thalji
ثناء,thanaa
ثوابته,thawabta
جابر,jaber
جاد,jad
جادالحق,jad-al-haq
جادالله,jadallah
جادو,jado
جارح,jareh
جازي,jazi
جازيه,jazia
جاسر,jaser
جاسم,jasim
جاكلين,jacqueline
جامع,jamea
جاموس,jamous
جانا,jana
جباره,jabbara
جباليه,jabalia
جبة,jubba
جبر,jabr
جبران,jubran
جبرت,jabrat
جبري,jabri
جبريل,jibril
جبرين,jibreen
جبل,jabal
جبه,jubba
جحا,juha
جحجوح,jahjoh
جحيش,jaheesh
جخيدب,jkheidib
جدع,jadaa
جدوع,jadou
جراد,jarad
جرادة,jarada
جراده,jarada
جربوع,jarbou
جردات,jaradat
جرس,jaras
جرغون,jarghoun
جرمي,jarmi
جروان,jarwan
جري,jari
جريبان,jriban
جريد,jareed
جريده,jrida
جرير,jareer
جريس,jeries
جزاع,jazaa
جزر,jazar
جعباص,jaabas
جعران,jaaran
جعرور,jarour
جعفر,jaafar
جعفري,jafari
جعوانه,jaawana
جعيدي,jaidi
جفال,jaffal
جلاء,jalaa
جلال,jalal
جلالة,jalala
جلاله,jalala
جلد,jild
جلمبو,jalambo
جلهوم,jalhom
جلو,jalo
جلود,jalloud
جليبيب,julaybib
جليدان,jlidan
جليلة,jleila
جليله,jleila
جمال,jamal
جمالالدين,jamal-al-din
جمان,juman
جمانة,jumana
جمانه,jumana
جمجوم,jamjoom
جمدية,jamdia
جمعان,jumaan
جمعة,jumaa
جمعه,jumaa
جمل,jamal
جملات,jamalat
جموع,jamou
جميزه,jumeiza
جميعان,jamian
جميل,jamil
جميلة,jamila
جميله,jamila
جنا,jana
جنات,jannat
جنادي,janadi
جنان,jinan
جنة,jannat
جندل,jandal
جندي,jundi
جندية,jundia
جنديه,jundia
جنستا,janista
جنه,jannat
جنى,jana
جني,jni
جنيد,junaid
جنين,janeen
جنينة,jnena
جنينه,jnena
جهاد,jihad
جهادد,jihad
جهان,jihan
جهشان,jahshan
جهل,jahl
جهير,juhair
جهينه,jaheina
جهيني,juhaini
جواد,jawad
جوادة,jawada
جواده,jawada
جوان,joan
جوانا,joanna
جواهر,jawaher
جود,joud
جودة,jouda
جودت,jawdat
جوده,jouda
جودي,judy
جورج,george
جورى,joara
جوري,jouri
جولان,jolan
جولي,julie
جوليا,julia
جوليت,juliet
جولييت,juliette
جومانه,jumana
جون,jon
جونة,juna
جوهر,jawhar
جويد,jwaid
جويعد,jweid
جويفل,jweifel
جويل,joel
جياب,jiyab
جياد,jiyad
جيداء,jaydaa
جيلان,jilan
جيلم,jaleem
جيهان,jehan
حابس,habis
حاتم,hatem
حاج,haj
حاجب,hajib
حارث,harith
حارثه,haritha
حارس,haris
حازم,hazim
حافظ,hafez
حاكم,hakam
حاكمة,hakamah
حاكمه,hakima
حالوب,halub
حامد,hamed
حامده,hamda
حب,hub
حبر,habr
حبشي,habashi
حبل,habal
حبوب,huboub
حبوش,haboush
حبيب,habib
حبيبة,habiba
حبيبه,habiba
حبيس,habees
حتحت,hathut
حج,haj
حجاب,hijab
حجاج,hajjaj
حجاز,hijaz
حجازى,hijazi
حجازي,hijazi
حجازيه,hijaziya
حجج,hajaj
حجر,hajar
حجو,hajjo
حجوج,hajuj
حجي,hajji
حجير,hjair
حجيلة,hajaila
حجيله,hajaila
حداد,haddad
حدايد,hadayed
حديد,hadid
حديدو,hadido
حديفة,hudaifa
حديفه,hdifah
حذام,hutham
حذيفة,hudhaifa
حذيفه,hudhaifa
حرارة,harara
حراره,harara
حرب,harb
حربه,harba
حربي,harbi
حربيه,harbiyya
حرز,hirz
حرزالله,hirzallah
حزين,hazeen
حسام,hossam
حسامالدين,hossam-el-din
حسان,hassan
حسب,hasab
حسبالله,hassaballah
حسن,hassan
حسناء,hasnaa
حسنات,hasanat
حسنة,hasna
حسنه,hasna
حسني,hosni
حسنين,hassanein
حسنيه,hassaniyah
حسون,hassun
حسونة,hassouna
حسونه,hassouna
حسي,hassi
حسيب,haseeb
حسين,hussein
حشام,hisham
حشمت,hishmat
حشمه,hashma
حشيش,hashish
حشيشو,hashisho
حصيرة,hasira
حصيره,hasira
حطاب,hattab
حطب,hatab
حطين,hittin
حفصة,hafsa
حفصه,hafsa
حفني,hafni
حفيظه,hafiza
حكم,hakam
حكمت,hikmat
حكيم,hakim
حلا,hala
حلاسة,halasa
حلاسه,halasa
حلاوة,halawa
حلاوه,halawa
حلاوين,halaween
حلبي,halabi
حلبيه,halabiya
حلحول,halhoul
حلس,halas
حلمى,helmi
حلمي,hilmi
حلميه,helmiya
حلو,helou
حلوب,haloub
حلوة,hilwa
حلوق,halluq
حلوه,hilwa
حليب,hleib
حليسي,halisi
حليقاوي,haliqawi
حليم,halim
حليمة,halima
حليمه,halima
حليوات,haliwat
حليوه,heliwa
حماد,hammad
حمادة,hamada
حماده,hamada
حمادين,hammadin
حماس,hamas
حمام,hammam
حمتو,hamto
حمد,hamad
حمدالله,hamdallah
حمدان,hamdan
حمدة,hamda
حمدقه,hamdaqa
حمدلله,hamdallah
حمده,hamda
حمدونة,hamdouna
حمدونه,hamdouna
حمدى,hamdi
حمدي,hamdi
حمدية,hamdia
حمدين,hamdein
حمديه,hamdia
حمران,hamran
حمرة,hamra
حمره,hamra
حمزة,hamza
حمزه,hamza
حمش,hamash
حمضل,hamdal
حمو,hammo
حمود,hamoud
حمودة,hamouda
حموده,hamouda
حميد,hamid
حميدان,hmeidan
حميدة,humaida
حميده,humaida
حميدو,hamido
حنا,hanna
حنان,hanan
حناوي,hinawi
حنتوش,hantoush
حندوقه,handouqa
حنضل,handal
حنفي,hanafi
حنون,hannoun
حنونه,hannouna
حنيدق,hneidiq
حنيف,hanif
حنيفه,hanifa
حنين,haneen
حهاد,hhad
حواجري,hawajri
حواس,hawas
حور,hour
حوراء,hawraa
حورية,houriya
حوريه,houriya
حوسو,hosso
حويج,howeij
حويحى,hweihi
حويحي,hweihi
حويطي,huwaiti
حويله,hweila
حياة,hayah
حيات,haiat
حية,hayya
حيدر,haidar
حيش,haysh
حيه,hayya
خاص,khas
خاطر,khater
خالد,khaled
خالديه,khaldia
خباب,khabbab
خبيب,khubaib
خبيزة,khubeiza
خبيزه,khubeiza
ختام,khitam
ختله,khatla
خديجة,khadija
خديجه,khadija
خرمه,khurma
خروات,kharwat
خروب,kharoub
خروف,kharrouf
خريس,khurais
خريش,khrish
خزاع,khazaa
خزنه,khazna
خزيق,khzaiq
خشان,khashan
خشم,khashm
خضر,khader
خضرة,khadra
خضره,khadra
خضري,khudari
خضورة,khadoura
خضوره,khadura
خضير,khudeir
خطاب,khattab
خطي,khati
خفاجة,khafaja
خفاجه,khafaja
خلة,khella
خلدون,khaldoun
خلديه,khaldiya
خلف,khalaf
خلفالله,khalafallah
خلفه,khalfa
خله,khella
خلود,kholoud
خليف,khlaif
خليفة,khalifa
خليفه,khalifa
خليل,khalil
خليلالرحمن,khalil-ul-rahman
خليلل,khalil
خماش,khammash
خميس,khamis
خميسه,khamisa
خميني,khomeini
خنساء,khansa
خورشيد,khurshid
خوشيد,khoshid
خوصة,khousa
خوصه,khousa
خولة,khawla
خويطر,khweiter
خيال,khayal
خير,khair
خيرت,khairat
خيري,khairy
خيرية,khairiah
خيريه,khairiya
د.,dr.
د.سليمان,suleiman
دادر,dader
دار,dar
داربيه,darabiah
دارين,darin
دالي,dali
داليا,dalia
دالية,dalia
داليه,dalia
دامو,damo
دان,dan
دانا,dana
دانة,dana
دانه,dana
دانيا,dania
دانيال,daniel
دانية,dania
دانيه,dania
داهر,daher
داهش,dahish
داهم,dahem
داهود,dahoud
داود,daoud
داوود,dawood
داير,dayer
دبابش,dababesh
دباغ,dabbagh
دبر,dibr
دبه,dabba
دبو,dabbo
دبور,dabour
دبوسه,dabbousa
دبيك,dubaik
دجانة,dajana
دحبور,dahbur
دحروج,dahrouj
دحلان,dahlan
دحيله,dahila
دخان,dukhan
دخل,dakhl
دخيل,dakhil
دخيله,dakhila
درابي,darabi
درابية,drabiah
درابيه,drabia
دراجي,darraji
دراز,draz
درازين,darazin
دراهم,darahem
درب,darb
درباس,dirbas
دربيه,darbiya
درج,daraj
دردس,dardas
دردونة,dardona
دردونه,dardona
درغام,dargham
درويش,darwish
دريقه,dariqa
درين,darin
دريني,derini
دريه,darya
دريوي,driwi
دعاء,duaa
دعابس,daabis
دعبس,daabis
دعيج,duaij
دغمش,daghmash
دغيش,dghaish
دغيم,dgheim
دف,duf
دقة,daqqa
دقن,daqn
دقه,daqqa
دكه,dakka
دلال,dalal
دلالال,dalalal
دلدوم,daldum
دلردونه,dlrdonuah
دلع,dalaa
دلو,dalo
دلول,dalloul
دمياطي,dumyati
دنيا,dunia
دنيال,daniel
دنيان,dunyan
دهام,daham
دهب,dahab
دهشان,dahshan
دهليز,dahleez
دهمان,dahman
دهمش,dhmsh
دهيش,daheesh
دوابه,dawaba
دواس,dawas
دوحان,douhan
دودار,doudar
دوس,dos
دوش,doush
دوشن,doshan
دولت,dawlat
دوله,dawla
دوهمش,douhamsh
دويدار,dweidar
دويعر,dweiar
دويك,duwaik
دويمه,dweima
دياب,diab
ديار,diyar
ديالا,diala
ديان,dayan
ديانا,diana
ديانه,diana
ديب,deeb
ديبان,diban
ديبه,deiba
دية,diah
ديد,daid
ديلا,dila
ديما,dima
ديمة,deema
ديمه,deema
دينا,dina
دينة,dina
دينه,dina
دينيز,deniz
ديه,diya
ذرية,thriah
ذكرى,thikra
ذكريات,thikrayat
ذوابه,dhwaba
ذويب,theib
ذياب,theyab
ذيب,theeb
رأفت,raafat
رأفت,rafat
رؤة,rua
رؤوف,raouf
رؤوف,ruof
رؤوفه,raoufa
رؤوم,roum
رؤى,ruaa
رؤى,ruaa
رؤيا,ruya
رؤية,ruya
رئام,ream
رئيسة,raisa
رئيسة,raisah
رئيسه,raisa
رائد,raed
رائد,raed
رائدة,raadah
رائدة,raida
رائده,raadah
رائده,raida
رائف,raaf
رائف,raef
رابح,rabh
رابحة,rabhah
رابحه,rabha
رابع,rabie
رابعه,rabia
راتب,rateb
راجح,rajeh
راجحة,rajha
راجحه,rajha
راجي,raji
راس,ras
راسم,rasim
راسيل,rasil
راشد,rashed
راضى,radi
راضي,radi
راضيه,radia
راعي,rai
راغب,ragheb
راغد,raghid
راغده,raghda
رافت,rafat
رافع,rafe
رافي,rafi
راقي,raqi
راكان,rakan
راما,rama
رامز,ramez
رامه,rama
رامى,rami
رامي,rami
راميه,ramia
رانسي,ransi
راني,rani
رانيا,rania
رانية,rania
رانيه,rania
راوي,rawi
راويه,rawiya
رايق,rayeq
رايقه,rayqa
ربا,ruba
رباب,rabab
رباح,rabah
رباع,rabaa
رببه,rabba
ربحي,rebhi
ربفان,rabfan
ربه,rabbo
ربو,rabbo
ربى,ruba
ربيحه,rabiha
ربيع,rabie
ربيعه,rabia
رتاج,ritaj
رتال,retal
رتيبه,ratiba
رتيل,rateel
رتيمه,ratima
رجا,raja
رجاء,raja
رجائي,rajai
رجال,rijal
رجب,rajab
رجل,rijl
رجوة,rajwa
رجيلات,rjeilat
رجيله,rjeila
رحاب,rehab
رحمة,rahma
رحمه,rahma
رحمي,rahmi
رحيق,rahiq
رحيم,rahim
رحيمه,rahima
رخا,rakha
رخيه,rakhia
ردينه,radina
رزان,razan
رزق,rizq
رساله,risala
رستم,rustom
رسل,rusul
رسلان,ruslan
رسمى,rasmi
رسمي,rasmi
رسمية,rasmiya
رسميه,rasmiya
رسيل,raseel
رسيلة,rasila
رشا,rasha
رشاد,rashad
رشدي,rushdi
رشديه,rushdiya
رشوان,rashwan
رشود,rashoud
رشيد,rashid
رشيده,rashida
رصاص,rassas
رصرص,rasras
رضا,reda
رضه,radhah
رضوان,radwan
رضوى,radwa
رعاب,raab
رعد,raad
رغد,raghad
رغدا,raghda
رغداء,raghda
رغدة,raghda
رغده,raghda
رفان,rafan
رفعت,rifat
رفعه,rifa
رفقه,rifqa
رفقي,rifqi
رفيده,rafida
رفيع,rafie
رفيف,rafif
رفيفان,rafifan
رفيق,rafiq
رقعه,ruqa
رقية,ruqayya
رقيق,raqeeq
رقيه,ruqayya
ركاب,rikab
ركان,rakan
ركبة,rukba
ركبه,rukba
ركيعي,rikei
رلا,rula
رلى,ralli
رماح,rimah
رمانه,rummana
رمزى,rmza
رمزي,ramzi
رمزيه,ramziya
رمضان,ramadan
رميساء,rumaysa
رنا,rana
رناد,ranad
رند,rand
رندا,randa
رندة,randa
رنده,randa
رنيم,raneem
رنين,ranin
رهام,riham
رهان,rahan
رهف,rahaf
رهيفه,rahifa
روئ,roa
روئه,ruaa
رواء,rawaa
رواد,rawad
رواسي,rawasi
رواع,rawaa
روان,rawan
رواند,rawand
رواي,rawai
روبي,rubi
روبين,rubin
روحى,roha
روحي,rouhi
روحيه,rouhiya
رودين,rodin
روز,rose
روزا,rosa
روزان,rozan
روزانا,rozana
روزانه,rozana
روزه,roza
روزين,rozeen
روضة,rawda
روضه,rawda
روعة,rawaa
روعه,rawaa
روفان,rufan
روقة,ruqa
روقه,ruqa
روك,rouk
رولا,rula
رولان,rolan
رومي,roumi
رومية,rumia
روميه,rumia
روند,rand
رونزا,ronza
رونزه,ronza
رويدا,ruwaida
رويده,ruwaida
رويشد,rweished
رويضه,rwaida
رويضي,ruwaidi
رويعي,ruwei
ريا,rayya
رياحي,riyahi
رياش,riyash
رياض,riyad
رياطي,raiatai
ريالة,riala
رياله,riala
ريام,riyam
ريامي,riami
ريان,rayan
ريتا,rita
ريتاج,ritaj
ريتال,rital
ريحان,reihan
ريدا,rida
ريدان,ridan
ريدة,rida
ريده,rida
ريفال,rifal
ريفان,revan
ريفانا,rivana
ريم,reem
ريما,rima
ريماس,rimas
ريمان,riman
ريمي,rimi
رينا,rina
ريناد,rinad
ريناس,rinas
رينال,reinal
ريهام,riham
ريهان,rihan
زارع,zare
زاكر,zaker
زامل,zamel
زانه,zana
زاهد,zahed
زاهده,zahida
زاهر,zaher
زاهرة,zahira
زاهي,zahi
زاهيه,zahia
زايد,zayed
زايدة,zayda
زايده,zayda
زبيدة,zbeida
زبيده,zbeida
زر,zir
زراع,zarraa
زرد,zard
زرزور,zarzour
زرعي,zarai
زرقه,zarqa
زرقي,zarqi
زرندح,zarandah
زريد,zreid
زريعان,zreian
زريعي,zureii
زريف,zarif
زريق,zreiq
زرينه,zreina
زعتر,zaatar
زعرب,zarab
زعل,zaal
زعيتر,zaaiter
زعيم,zaim
زغبر,zaghbar
زغره,zaghra
زغلول,zaghloul
زقدوح,zaqdouh
زقزوق,zaqzouq
زقلان,zaqlan
زقماط,zaqmat
زقوت,zaqqut
زقول,zaqqul
زكار,zakkar
زكري,zakari
زكريا,zakariya
زكى,zaki
زكي,zaki
زكية,zakiya
زكيه,zakiya
زلوم,zalloum
زمرده,zumurda
زمزم,zamzam
زملط,zamlat
زمو,zamo
زنات,zanat
زناد,zinad
زنتيد,zanteed
زنداح,zandah
زنون,zanoun
زهار,zahhar
زهد,zuhd
زهدي,zuhdi
زهديه,zuhdiyya
زهر,zahr
زهراء,zahraa
زهران,zahran
زهرة,zahra
زهره,zahra
زهري,zuhri
زهريه,zuhriyya
زهور,zuhur
زهي,zahi
زهية,zuhiyya
زهيد,zuhaid
زهير,zuhair
زهيره,zuhaira
زهيه,zuhiyya
زوجة,zwjah
زور,zour
زوزو,zuzu
زونين,zonin
زويد,zweid
زياد,ziyad
زيادة,ziyada
زياده,ziyada
زيارة,ziyara
زياره,ziyara
زيد,zaid
زيدان,zeidan
زيدية,zeidiya
زير,zair
زين,zain
زينات,zeenat
زيناتي,zinati
زينالدين,zein-al-din
زينالعابدين,zain-al-abidin
زينب,zainab
زينة,zina
زينه,zina
زينو,zino
سائد,saed
سائد,saed
سائده,saadah
سائده,saida
سائر,saer
ساجد,sajid
ساجدة,sajida
ساجده,sajida
ساجي,saji
سارة,sara
ساره,sara
سارى,sari
ساري,sari
ساعد,saed
ساق,saq
ساقالله,saqallah
ساكب,sakib
ساكن,saken
سالم,salem
سالمة,salma
سالمم,salamm
سالمه,salima
سالى,sally
سالي,sally
سام,sam
سامح,sameh
سامر,samer
سامى,sami
سامي,sami
سامية,samia
ساميه,samia
ساندي,sandy
ساهر,saher
ساهره,sahira
سبأ,saba
سباعي,sibai
سبت,sibt
سبتي,sabti
سبع,sabe
سبله,sabla
سبيتان,sbeitan
سبيتة,sbitah
سبيته,sbeita
سبيخه,sbaikha
سبيله,sabila
ست,sit
ستة,sitta
سته,sitta
ستيتان,stetan
ستيتة,steita
ستيته,steita
سجا,saja
سجال,sijal
سجع,saja
سجود,sujoud
سجى,saja
سجيع,sajie
سحر,sahar
سحلوب,sahloub
سحلول,sahloul
سحول,sahoul
سحويل,sahweil
سخري,sakhri
سخيل,skhail
سخيلة,skheila
سخيله,skheila
سدر,sidr
سدره,sidra
سدن,sadan
سديل,sadeel
سديم,sadeem
سدين,sadeen
سراء,saraa
سراب,sarab
سراج,siraj
سراجالدين,siraj-al-din
سرار,sarar
سراري,sarari
سرايا,saraya
سرايه,siraya
سرجان,sarjan
سرحان,sarhan
سرحي,sarhi
سرداح,sirdah
سردانه,sirdana
سرور,surour
سرين,sireen
سريه,siriya
سطام,sattam
سعاد,suad
سعادة,saada
سعاده,saada
سعايده,saayda
سعد,saad
سعدات,saadat
سعدالدين,saad-el-din
سعدالله,saadallah
سعدة,saada
سعده,saada
سعدو,sado
سعدون,saadoun
سعدى,saadi
سعدي,saadi
سعدية,saadiya
سعديه,saadiya
سعود,saud
سعودي,saudi
سعيد,said
سعيده,saeda
سعيفان,saifan
سفيان,sufyan
سكر,sukkar
سكران,sukran
سكيك,skeik
سكينة,skinah
سكينه,sukayna
سل,sal
سلاح,silah
سلاف,sulaf
سلام,salam
سلامة,salama
سلامه,salama
سلبد,salbad
سلسبيل,salsabeel
سلطان,sultan
سلطانه,sultana
سلطي,salti
سلعه,silaa
سلفيا,silvia
سلمان,salman
سلمن,salman
سلمه,salma
سلمى,salma
سلمي,salma
سلمية,salmiya
سلميه,salmiya
سلوان,silwan
سلوت,salout
سلوى,salwa
سليسل,sleisel
سليلة,salayla
سليله,salayla
سليم,salim
سليمان,suleiman
سليمة,suleima
سليمه,suleima
سلين,celine
سلينا,selina
سما,sama
سماء,sama
سماح,samah
سماحه,samaha
سمارة,samara
سماره,samara
سماهر,samaher
سمحان,samhan
سمر,samar
سمران,samran
سمرة,samra
سمره,samra
سمري,samri
سمسوم,samsum
سمعان,samaan
سمك,samak
سمهدانه,samhadana
سمور,sammour
سمية,sumaya
سميح,samih
سميحة,samiha
سميحه,samiha
سمير,samir
سميرة,samira
سميره,samira
سميه,sumaya
سنا,sana
سناء,sanaa
سنابل,sanabel
سنام,sinam
سنان,sinan
سنة,sana
سنجر,sanjar
سند,sanad
سندريلا,cinderella
سندس,sundus
سنسبيل,salsabil
سنية,suniya
سنيده,snaida
سنير,sunair
سنيمة,sneima
سنيمه,sneima
سنينه,snaina
سنيه,suniya
سنيورة,sanyora
سنيوره,sanyora
سها,suha
سهاد,suhad
سهام,siham
سهبل,suhbl
سهر,sahar
سهل,sahl
سهله,sahla
سهمود,sahmoud
سهى,suha
سهيد,suhaid
سهير,suhair
سهيل,suhail
سهيلة,suhaila
سهيله,suhaila
سوار,siwar
سواركه,sawarka
سواري,sawari
سوازن,sawazin
سوزان,suzan
سوزانا,suzana
سوزي,suzy
سوسن,sawsan
سومة,soma
سومه,soma
سونيا,sonia
سونير,sunair
سونيه,sonia
سويحلي,suwahli
سويدان,sweidan
سويرح,sweireh
سويعد,sweid
سويلم,sweilem
سياف,sayyaf
سيام,siyam
سيد,sayed
سيدا,saida
سيدال,sayed
سيدرا,sidra
سيدو,seido
سيرين,sirin
سيزان,sizan
سيسالم,sisalem
سيسي,sisi
سيف,saif
سيفالاسلام,saif-al-islam
سيفالدين,saif-al-din
سيفيناز,sevinaz
سيلا,sila
سيليا,celia
سيلين,celine
سيلينا,selina
سيمات,simat
سينام,sinam
شاء,shaa
شاب,shab
شابط,shabet
شادن,shaden
شادى,shadi
شادي,shadi
شادية,shadia
شاديه,shadia
شارب,sharib
شاربين,sharbin
شاكر,shaker
شام,sham
شامخ,shamekh
شامل,shamil
شامه,shama
شامية,shamia
شاميه,shamia
شاهر,shaher
شاهره,shahira
شاهي,shahi
شاهين,shaheen
شاهيناز,shahinaz
شاور,shawar
شاويش,shawish
شباب,shabab
شبات,shbat
شباط,shbat
شبانه,shabana
شبايك,shabayik
شبكات,shabakat
شبكه,shabaka
شبلاق,shablaq
شبير,shabir
شبيكة,shbeika
شبيكه,shbeika
شتات,shatat
شتيوي,shetiwy
شحات,shahat
شحاته,shehata
شحاد,shahad
شحادة,shahada
شحاده,shahada
شحته,shahta
شحتو,shahto
شحتوت,shahtout
شحدات,shahdat
شحدة,shahda
شحده,shahda
شحمه,shahma
شحيبر,shheibir
شخصه,shakhsa
شخيدم,shakhidam
شداد,shaddad
شدق,shadaq
شذا,shatha
شذى,shatha
شر,shar
شراب,sharab
شرار,sharar
شربات,sharbat
شربي,sharbi
شرحبيل,sharahbeel
شرحه,sharha
شرخ,sharkh
شرف,sharaf
شرقيه,sharqia
شروق,shorouq
شريتح,shreitah
شرير,shrair
شريعة,shariah
شريعه,sharia
شريف,sharif
شريفة,sharifa
شريفه,sharifa
شريقي,shuraiki
شريم,shreim
شرين,shireen
شريهان,sherihan
شزاء,shaza
شطا,shata
شطه,shata
شطي,shatti
شعائر,shaair
شعبان,shaaban
شعت,shaat
شعر,shaar
شعراوي,sharawi
شعشاعه,shaashaa
شعفوط,shaafout
شعلان,shalan
شعلق,shalaq
شعيب,shuaib
شعير,shair
شعيره,shaira
شغف,shaghaf
شغيبة,shagheiba
شفا,shifa
شفاء,shafaa
شفيق,shafiq
شفيقه,shafiqa
شقرة,shaqra
شقره,shaqra
شقفة,shaqfa
شقفه,shaqfa
شقليه,shaqlia
شقورة,shaqoura
شقوره,shaqoura
شقير,shqeir
شقيلة,shqailah
شقيله,shaqila
شكر,shukr
شكران,shukran
شكري,shukri
شكرية,shokriah
شكريه,shukria
شكشك,shakshak
شكور,shakur
شكوكاني,shakokani
شكيان,shakyan
شكيب,shakeeb
شلاش,shalash
شلاشل,shalashel
شلالفه,shalalfa
شلايل,shalayel
شلبي,shalabi
شلبية,shalbia
شلبيه,shalbia
شلح,shalah
شلحة,shalha
شلحه,shalha
شلدان,shaldan
شلط,shalat
شلهوب,shalhub
شلوف,shlof
شلوله,shalola
شماس,shamas
شمالة,shamala
شماله,shamala
شمالي,shamali
شمس,shams
شمعة,shamaa
شمعه,shamaa
شملة,shamla
شملخ,shamlakh
شمله,shamla
شموط,shamout
شموع,shumou
شميس,shmeis
شنار,shanar
شناعه,shanaa
شنب,shanab
شندي,shindi
شنشير,shanshir
شنن,shanan
شنهاز,shahnaz
شنينو,shanino
شنيورة,shanyoura
شنيوره,shanyora
شهاب,shehab
شهد,shahd
شهرزات,shahrazat
شهرزاد,shahrazad
شهلا,shahla
شهله,shahla
شهناز,shahnaz
شهندا,shahenda
شهنده,shahinda
شهوان,shahwan
شهود,shuhoud
شهير,shahir
شهيرة,shahira
شهيره,shahira
شوارب,shawarib
شوبكي,shobaki
شوحه,shouha
شوشة,shousha
شوشه,shousha
شوق,shouq
شوقة,shouqa
شوقه,shouqa
شوقى,shawki
شوقي,shawqi
شوقيه,shawqiya
شوكت,shawkat
شومان,shouman
شومر,shomer
شويخ,shweikh
شويدح,shweidah
شياح,shiah
شيبان,shaiban
شيبوب,shaboub
شيحه,sheiha
شيخ,sheikh
شيخه,sheikha
شيرين,shireen
شيماء,shaima
شيوخ,shuyoukh
صائب,saeb
صابر,saber
صابره,sabra
صابرين,sabreen
صادق,sadiq
صافي,safi
صافية,safia
صافيناز,safinaz
صافيه,safia
صالج,salj
صالح,saleh
صالحة,salha
صالحه,salha
صالحيه,salhia
صامد,samed
صايل,sayel
صايمة,sayma
صايمه,sayma
صبا,saba
صبابه,sababa
صباح,sabah
صبح,sobh
صبحة,subha
صبحه,subha
صبحى,subhi
صبحي,subhi
صبحية,subhiya
صبحيه,subhiya
صبرة,sabra
صبره,sabra
صبرى,sabri
صبري,sabri
صبرين,sabreen
صبريه,sabriya
صبيح,sabeih
صبيحه,subaiha
صخر,sakhr
صدام,saddam
صدفه,sadafa
صدقي,sidqi
صديق,siddiq
صديقه,sadiqa
صرار,sarar
صرصور,sarsour
صعيليك,sueileik
صفا,safa
صفاء,safaa
صفد,safad
صفر,safar
صفره,safra
صفوان,safwan
صفوت,safwat
صفية,safiya
صفيه,safiya
صقر,saqr
صلاح,salah
صلاحالدين,salah-ud-din
صلوحه,saluha
صليبى,slaibi
صليبي,slaibi
صليح,slaih
صمامه,samama
صمصوم,samsum
صمود,sumoud
صنع,sanaa
صنعالله,sanallah
صهيب,suhaib
صهيبان,suhaiban
صهيون,sahyoun
صوان,sawan
صواوين,sawawin
صوصين,sosain
صويص,sweis
صويوين,sweiween
صيام,siyam
صيداوي,sidawi
صيدم,saidam
ضاهر,daher
ضاوي,dawi
ضباع,dbaa
ضبان,dabban
ضبعان,dabaan
ضحا,doha
ضحى,duha
ضرغام,dargham
ضلفة,dalfa
ضلفه,dalfa
ضمر,damr
ضميده,dmeida
ضهير,duhair
ضويحي,duwaihi
ضيا,dia
ضياء,diaa
ضياءالحق,zia-al-haq
ضياءالدين,dia-al-din
ضيائى,diyaei
ضيف,dayf
ضيفالله,deifallah
ضيه,diya
طائل,tael
طاحون,tahoun
طارد,tarid
طارق,tariq
طاعه,taa
طافش,tafesh
طاقيه,taqia
طالب,taleb
طالع,tale
طاهر,taher
طايل,tayel
طبازه,tabaza
طبازي,tabazi
طباسي,tabasi
طباع,tebaa
طبش,tabsh
طبق,tabaq
طبل,tabal
طبنجه,tabanja
طبيخ,tabeekh
طبيل,tbeil
طرابيش,tarabish
طراد,tarrad
طراش,tarash
طراف,taraf
طرباق,tarbaq
طربين,tarbeen
طرخان,tarkhan
طرزان,tarzan
طرزي,tarzi
طرفه,tarfa
طروش,taroush
طريش,tareesh
طشاش,tashash
طشطاش,tashtash
طعمه,tuma
طعيمة,tuaima
طعيمه,tuaima
طفلاخلاص,tflakhalas
طفلة,tufala
طفلسلمى,tflsaluma
طفله,tflah
طقش,taqsh
طلال,talal
طلب,talab
طلبه,talba
طلحه,talha
طلعت,talaat
طليب,tleib
طماعه,tamaa
طمبوره,tambura
طموس,tamous
طنبورة,tanbora
طنبوره,tanbora
طنطيش,tantish
طه,taha
طواحينه,tawahina
طوطح,toutah
طولان,toulan
طومان,toman
طويل,taweel
طويله,tweila
طياب,tayab
طيبه,taiba
طير,tair
طيور,tyour
ظافر,zafer
ظاهر,zaher
ظريف,zarif
ظريفة,zarifa
ظريفه,zarifa
عائد,aaad
عائد,aed
عائدة,aida
عائده,aida
عائشة,aaashah
عائشة,aisha
عائشه,aaashaah
عائشه,aisha
عابد,abed
عابده,abda
عابدين,abdeen
عاتق,ateq
عادل,adel
عاذرة,athira
عاذره,athira
عارف,aref
عارفه,arifa
عازم,azim
عاشو,asho
عاشور,ashour
عاصف,asif
عاصم,asem
عاصى,aasa
عاصي,asi
عاطا,aata
عاطف,atef
عاطفا,atefa
عاكف,akef
عالات,alat
عاليه,alia
عامر,amer
عاهد,ahed
عاهده,ahida
عايد,ayed
عايدة,aida
عايده,aida
عايدي,aydi
عايش,ayesh
عايشة,aysha
عايشه,aysha
عبادة,ubada
عباده,ubada
عباس,abbas
عباين,abayyin
عبد,abdel
عبدالاله,abdullah
عبدالباري,abdalbari
عبدالباقي,abdul-baqi
عبدالجابر,abdul-jaber
عبدالجبار,abdul-jabbar
عبدالجفيظ,abdaljfiz
عبدالجليل,abdul-jalil
عبدالجواد,abdul-jawad
عبدالحافظ,abdul-hafez
عبدالحسني,abdul-hassani
عبدالحفيظ,abdul-hafeez
عبدالحق,abdul-haq
عبدالحكيم,hakim
عبدالحليم,abdul-halim
عبدالحميد,abdalihamaid
عبدالحي,abdul-hay
عبدالخالق,abdalkhaliq
عبدالدايم,abdul-dayem
عبدالدردساوي,abdul-dardasawi
عبدالرؤوف,abdalruof
عبدالرازق,abdalrazq
عبدالرحمن,abdel
عبدالرحيم,abdalrahaiam
عبدالرزاق,abdalrzaq
عبدالرزق,abdalrzq
عبدالساتر,abdul-sattar
عبدالسالم,abdulsalim
عبدالستار,abdul-sattar
عبدالسطري,abdul-satri
عبدالسلام,abdalsalam
عبدالسميع,abdul-sami
عبدالشافي,abdul-shafi
عبدالصمد,abdul-samad
عبدالعاطي,abdalaatai
عبدالعال,abdalaal
عبدالعزيز,abdalazaiaz
عبدالعظيم,abdul-atheem
عبدالعقاد,abdul-akkad
عبدالغفار,abdalghufar
عبدالغفور,ghafour
عبدالغني,abdul-ghani
عبدالفتاح,abdal-fattah
عبدالقادر,abdul-qader
عبدالقرا,abdul-qara
عبدالقرم,abdul-qurm
عبدالكريم,abd
عبداللة,abdullah
عبداللحام,abdul-laham
عبداللطيف,abdalltaif
عبدالله,abdullah
عبدالمالك,abdul-malek
عبدالمجيد,abdal-majid
عبدالمحسن,abdul-mohsen
عبدالمظلوم,abdul-mazloum
عبدالمعطى,abdalamuata
عبدالمعطي,abdalamuaatai
عبدالملك,abdalamlk
عبدالمنعم,abdalamunam
عبدالمولى,abdul-mawla
عبدالناصر,abdalnasar
عبدالنبي,abdalnabi
عبدالنور,abdul-nour
عبدالهادى,abdulhadi
عبدالهادي,abdel
عبدالواحد,abdul-wahed
عبدالوهاب,abdul-wahab
عبدان,abdan
عبدحجاج,abdul-hajjaj
عبدخليل,abdul-khalil
عبددبابش,abdul-dababesh
عبددبور,abd-dabour
عبددلول,abd-dalloul
عبدربه,rabbo
عبدربو,abd-rabou
عبدسليم,abd-salim
عبدسليمان,abd-suleiman
عبدعوض,abd-awad
عبدفتوح,abd-fattouh
عبدمحمود,abd-mahmoud
عبدمطر,abd-matar
عبدمقاط,abd-maqat
عبده,abdo
عبدو,abdo
عبسة,absah
عبسه,absa
عبله,abla
عبلي,abli
عبود,abboud
عبوده,abuda
عبيد,obeid
عبيدالله,obeidallah
عبيدة,obeida
عبيده,obeida
عبير,abeer
عتاب,itab
عتيق,atiq
عثثمان,othman
عثمان,othman
عجاج,ajaj
عجلان,ajlan
عجمي,ajami
عجوة,ajwa
عجور,ajour
عجوه,ajwa
عجيرم,ajairam
عجينة,ajena
عجينه,ajena
عجيه,ajiya
عدس,adas
عدلة,adla
عدله,adla
عدلى,adli
عدلي,adli
عدن,aden
عدنان,adnan
عدنلن,adnln
عدوان,udwan
عدوي,adawi
عدى,uday
عدي,uday
عديله,adila
عديي,udai
عرابة,araba
عرابي,arabi
عراده,arada
عرار,arar
عرام,aram
عرب,arab
عربي,arabi
عربيه,arabia
عرجة,arja
عرجه,arja
عرسان,arsan
عرفات,arafat
عرفان,irfan
عرفة,arafa
عرفت,arafat
عرفه,arafa
عرقوب,arqoub
عرمانة,armana
عرمانه,armana
عرندس,arandas
عروة,urwa
عروق,orouk
عريبان,ariban
عريضه,arida
عريف,arif
عريفه,arifa
عز,izz
عزات,izzat
عزارا,azara
عزارة,azara
عزاره,azara
عزازمه,azazma
عزازي,azazi
عزالدين,azal-deen
عزاله,azalah
عزام,azzam
عزامي,azami
عزب,azab
عزة,azza
عزت,izzat
عزمى,azma
عزمي,azmi
عزه,azza
عزو,azzo
عزوز,azzouz
عزوم,azzoum
عزيز,aziz
عزيزة,aziza
عزيزه,aziza
عزيه,aziya
عساف,assaf
عسفه,asfa
عسقول,asqul
عسكر,askar
عسل,asal
عسلي,asali
عسلية,asaliya
عسليه,asaliya
عسولي,asouli
عسيله,aseila
عشره,ashara
عشمه,ashmuah
عشو,asho
عشيبه,asheiba
عصام,essam
عصر,asr
عصفور,asfour
عصفوره,asfoura
عصمت,esmat
عطا,ata
عطاءالله,atallah
عطاالله,atallah
عطابا,ataba
عطاف,ataf
عطافي,atafi
عطالله,atallah
عطاي,atay
عطايا,ataya
عطايه,ataya
عطوان,atwan
عطوة,atwa
عطوه,atwa
عطيان,atyan
عطية,atiya
عطيش,atish
عطيه,atiya
عطيوه,atiweh
عطيوي,atiwi
عفاف,afaf
عفانة,afana
عفانه,afana
عفت,effat
عفش,afash
عفيف,afif
عفيفة,afifa
عقاب,oqab
عقبه,uqba
عقل,aqel
عقله,aqla
عقلين,aqleen
عقيل,aqil
عقيلان,aqilan
عكاش,akkash
عكاشة,okasha
عكاشه,okasha
عكر,akkar
عكرمه,ikrima
عكيلة,okeila
عكيله,okeila
علا,ola
علاء,alaa
علاءء,alaa
علاءالدين,al-din
علام,allam
علاوي,allawi
علبة,ulba
علبه,ulba
علم,alam
علميه,ilmiyya
علوان,alwan
علوش,alloush
علون,alwan
علوه,alwa
على,ali
علي,ali
عليا,alia
علياء,alyaa
عليان,alyan
عليه,olaya
عليوة,eliwa
عليوه,eliwa
عماد,imad
عمادالدين,emadal-deen
عمار,ammar
عمارة,ammarah
عماره,emara
عمده,umda
عمر,omar
عمران,imran
عمرة,amra
عمره,amra
عمرو,amr
عمشه,amsha
عمو,ammo
عمور,amour
عميد,amid
عمير,omair
عميرة,omaira
عميره,omaira
عميش,amish
عناب,annab
عنابه,anaba
عناد,enad
عنان,anan
عنايات,inayat
عنايه,inaya
عنبر,anbar
عنتر,antar
عنزه,anza
عنود,anoud
عهاد,ohad
عهد,ahd
عهود,uhud
عواجه,awaja
عواد,awad
عواداد,awadad
عواطف,awatif
عودة,ouda
عودةالله,awdatallah
عودت,awdat
عودتالله,audatallah
عوده,ouda
عودهالله,odehallah
عوض,awad
عوضالله,awadallah
عوضية,awadiya
عوضيه,awadiya
عوف,awf
عوكل,awkal
عون,aoun
عوني,awni
عويص,awis
عويض,oweid
عويضة,owaida
عويضه,owaida
عويله,oweila
عويلي,oweili
عويمر,oweimer
عياد,ayyad
عيادة,ayada
عياده,ayada
عيادي,ayadi
عياش,ayyash
عيد,eid
عيدالزقزوق,eid-al-zaqzouq
عيدة,eida
عيددردونه,eid-dardouna
عيده,eida
عيدوادي,eidwadi
عيسى,issa
عيسي,issa
عيش,aish
عيشان,aishan
عيشة,aishah
عيشه,aisha
عيطة,aita
عيطه,aita
عيم,aiam
عيناء,ainaa
عيه,ayya
عيوش,ayoush
عيون,oyoun
غادة,ghada
غاده,ghada
غازى,ghazi
غازي,ghazi
غالب,ghaleb
غالى,ghali
غالي,ghali
غالية,ghalia
غاليه,ghalia
غاندي,ghandi
غانم,ghanim
غباين,ghabain
غبن,ghaben
غبون,ghaboun
غبيط,ghbeit
غدي,ghadi
غدير,ghadeer
غديف,ghadeef
غدين,ghdein
غديين,ghdayyen
غراب,ghurab
غرابه,gharaba
غرارة,gharara
غراره,gharara
غرام,gharam
غربية,gharbia
غربيه,gharbia
غرقود,gharqoud
غريب,ghareeb
غريز,ghariz
غزال,ghazal
غزالة,ghazala
غزاله,ghazala
غزة,ghaza
غزل,ghazal
غزه,ghaza
غزوان,ghazwan
غسان,ghassan
غسق,ghasaq
غطاس,ghattas
غفره,ghafra
غلا,ghala
غلام,ghulam
غلامالدين,ghulam-ud-din
غلبان,ghalban
غلوه,ghalwa
غليبه,ghaliba
غليون,ghalyoun
غنا,ghanna
غنام,ghannam
غنامه,ghanama
غنايم,ghanayem
غندور,ghandour
غنمي,ghanmi
غنى,ghani
غنيم,ghunaim
غنيمه,ghnema
غوري,ghuri
غوش,ghosh
غولة,ghula
غوله,ghula
غيات,ghiyat
غياز,ghiyaz
غياض,ghayad
غيث,ghaith
غيداء,ghaidaa
غيضان,ghaidan
فؤاد,fouad
فؤاد,fuad
فائق,faiq
فاتن,faten
فاتنة,fatina
فاتنه,fatina
فاخر,fakher
فادى,fadi
فادي,fadi
فاديه,fadia
فارس,faris
فارسة,farisa
فاروق,farouk
فازع,fazea
فاضل,fadel
فاطمة,fatima
فاطمةالزهراء,fatima-al-zahra
فاطمه,fatima
فاطمهالزهراء,fatima-al-zahra
فاكر,faker
فالح,falih
فالف,valef
فالوجي,falouji
فايد,fayed
فايدة,fayda
فايده,fayda
فايذ,fayez
فايز,fayez
فايزة,fayza
فايزه,fayza
فايق,faiq
فايقة,faiqah
فايقه,fayqa
فتح,fath
فتحى,fathi
فتحىي,fathi
فتحي,fathi
فتحية,fathiya
فتحيه,fathiya
فتنة,fitna
فتنه,fitna
فتوح,fatouh
فتون,futun
فتيحه,fatiha
فجر,fajr
فحجان,fahjan
فخر,fakhr
فخرى,fakhri
فخري,fakhri
فخريه,fakhriya
فدا,fida
فداء,fidaa
فدعوس,fadous
فدوى,fadwa
فدوي,fdoi
فرات,furat
فراج,farraj
فراس,firas
فرج,faraj
فرجالله,farajallah
فرح,farah
فرحات,farhat
فرحان,farhan
فرحانه,farhana
فرحه,farha
فردوس,firdous
فرسان,fursan
فرهوده,farhouda
فروانة,farwana
فروانه,farwana
فروخ,farrukh
فريال,friyal
فريج,freij
فريجه,freija
فريح,freih
فريد,farid
فريدة,farida
فريده,farida
فريز,fariz
فريزه,fariza
فرينه,farina
فزاع,fazaa
فزع,faza
فزعاط,fazaat
فسفوس,fasfous
فسيفس,fsaifes
فصل,fsl
فضة,fadda
فضل,fadl
فضلات,fudalat
فضه,fadda
فضيان,fadyan
فضيله,fadila
فضيه,fadiya
فطاير,fatayer
فطوم,fattoum
فطومه,fatouma
فطيمة,fatima
فطيمه,futaima
فكري,fikri
فكريه,fikria
فلاح,falah
فلاديمير,vladimir
فلة,fulla
فلسطين,filistin
فلفل,filfil
فلك,falak
فله,fulla
فليفل,flaifil
فليونه,faliona
فنانه,fanana
فنقه,fanka
فنونة,fanuna
فنونه,fanuna
فهد,fahd
فهمى,fahmi
فهمي,fahmi
فهيد,faheed
فهيم,fahim
فهيمة,fahima
فهيمه,fahima
فواد,foad
فواز,fawaz
فوجو,fojo
فودة,fouda
فورا,foura
فورة,foura
فوره,foura
فوز,fawz
فوزان,fawzan
فوزى,fawzi
فوزي,fawzi
فوزية,fawzia
فوزيه,fawzia
فوقيه,fawqia
فول,foul
فوميه,fumiya
فياض,fayyad
فيرا,fira
فيروز,fairouz
فيروزة,feirouza
فيزان,faizan
فيصل,faisal
فيفيان,vivian
فيولا,viola
قابل,qabel
قابيل,qabil
قادوس,qadous
قاسم,qasim
قاصد,qasid
قاضي,qadi
قاعود,qaoud
قايدة,qayida
قبلان,qublan
قتيبة,qutaiba
قحمان,qahman
قداده,qadada
قداس,qaddas
قدر,qadar
قدروة,qadruh
قدري,qadri
قدس,quds
قدش,qadash
قدوحه,qaddouha
قدورة,qaddoura
قدوره,qaddoura
قدوس,qaddous
قدوم,qadoum
قديح,qdeih
قذافي,qathafi
قراده,qarada
قرشولي,qarshouli
قرشين,qurshein
قرضايا,qardaya
قرطم,qartam
قرقز,qarqaz
قرمان,qurman
قرموط,qarmout
قروط,qarout
قريب,quraib
قريشي,quraishi
قريقع,quraiqa
قريناوي,qurinaoi
قزاعر,qazaer
قزعاط,qazaat
قزعان,qzaan
قسام,qassam
قسطندي,qostandi
قسم,qasam
قشطة,qashta
قشطه,qashta
قشقش,qashqash
قشلان,qashlan
قص,qas
قصى,qusai
قصي,qusai
قصيعه,qusaya
قضامه,qudama
قطاع,qtaa
قطامش,qatamish
قطايف,qataif
قطب,qutb
قطر,qatar
قطروس,qatarous
قطشان,qatshan
قطمه,qatma
قطه,quta
قطوش,qattous
قطوم,qatum
قطيط,qtait
قطيفان,qutaifan
قعدان,qadan
قعيس,qais
قفة,qaffa
قفه,qaffa
قلة,qulla
قلجة,qaljah
قلجه,qalja
قله,qulla
قليق,qleiq
قمبور,qambour
قمر,qamar
قموم,qamum
قنبور,qanbour
قنديل,qandil
قنن,qanan
قنوع,qanou
قنوفه,qanufa
قنون,qanun
قنونه,qanuna
قنيطة,quneitah
قنيطه,quneitah
قواس,qawas
قواسمه,qawasma
قوتة,qouta
قوته,qouta
قوره,qura
قوش,qush
قوصه,qusa
قوطة,qouta
قوطه,qouta
قويدر,qweider
قويعه,qweiyeh
قيس,qais
قيسي,qaisi
قيص,qais
قيصر,qaisar
قيطة,qaitah
قيطه,qita
قينص,qaynas
كائن,kaen
كائنات,kainat
كاتيا,katia
كارم,karem
كارمل,carmel
كارمن,carmen
كارمه,karma
كاريمان,kariman
كاسترو,castro
كاش,kash
كاشف,kashef
كاظم,kazem
كالي,kali
كامل,kamel
كاملة,kamila
كامله,kamila
كامليا,kamelaia
كاميليا,camilia
كاميليه,kamailaiah
كايد,kayed
كايلا,kayla
كباجة,kabaja
كباجه,kabaja
كتائب,kataeb
كتكت,katkat
كتوع,katou
كتيفة,ktaifa
كحيل,kuhail
كراجة,karaja
كراجه,karaja
كراز,kiraz
كرامة,karama
كرت,kart
كرد,kard
كردش,kardash
كرديه,kurdia
كرسوع,karsou
كرش,karsh
كرم,karam
كرمعر,karam
كرمل,karmel
كرنز,karanz
كروان,karwan
كرولين,caroline
كريا,zakaria
كريره,krera
كريري,kreiri
كريزم,karizm
كريشان,krishan
كريم,karim
كريمان,kariman
كريمة,karima
كريمه,karima
كساب,kassab
كسبه,kasba
كسكين,keskeen
كسيحه,ksiha
كشكش,kashkash
كشكو,kashkou
كعبر,kaabar
كفا,kafa
كفاح,kifah
كفافي,kafafi
كفايه,kifaya
كفى,kafa
كفينة,kufaina
كفينه,kufaina
كل,kul
كلاب,kullab
كلان,kalan
كلخ,kallakh
كلزار,kulzar
كلش,kalash
كلوب,kulub
كلوسة,kallousa
كلوسه,kallousa
كليب,kuleib
كمال,kamal
كميل,kmeil
كميليا,camilia
كناري,kanari
كنان,kenan
كنانه,kinana
كندا,kinda
كندة,kinda
كنده,kinda
كنز,kanz
كنزي,kinzi
كنعان,kanaan
كنفوش,kanfoush
كوارع,kawarei
كوثر,kawthar
كوش,koush
كوكب,kawkab
كولك,kulak
كويك,kweik
كيان,kayan
كيس,kis
كيلاني,kilani
كيناز,kinaz
لؤلؤة,luluwa
لؤي,louay
لؤي,luai
لارا,lara
لاره,lara
لارين,larin
لاشين,lashin
لافي,lafi
لامك,lamek
لامي,lami
لانا,lana
لانة,lana
لانه,lanuah
لايا,laya
لايوجد,laiwjad
لباب,lubab
لباد,labbad
لبد,lubbad
لبدة,lubda
لبده,lubda
لبنا,lubna
لبنه,lubna
لبنى,lubna
لبيب,labeeb
لبيبه,labiba
لجين,lujain
لحية,lahiya
لحيه,lahiya
لطف,lutf
لطفى,ltfa
لطفي,lutfi
لطفيه,lutfiyah
لطيف,latif
لطيفة,latifa
لطيفه,latifa
لظن,lazan
لغد,lughd
لقاء,liqaa
لقان,laqan
لقمان,luqman
لله,lillah
لليان,lillian
لما,lama
لمار,lamar
لمى,lama
لمياء,lamia
لميس,lamees
لنا,lana
لنان,lanan
لندا,linda
لهلوب,lahlub
لوا,lawa
لواحظ,lawahiz
لوبين,lubin
لوتس,lotus
لوجين,lujain
لورين,loreen
لوز,louz
لوزان,lozan
لولح,lolah
لولو,lulu
لولي,louli
لونا,luna
لويزا,louisa
لي,li
ليا,lia
ليار,layar
ليال,layal
ليالي,layali
ليان,liyan
لية,laiah
ليتين,layteen
ليث,laith
ليزا,lisa
ليلاس,lilas
ليله,layla
ليلى,laila
ليلي,laila
ليليا,lilia
ليليان,lilyan
لين,lynn
لينا,lina
ليناا,linaa
لينة,lina
ليندا,linda
لينه,lina
مأمون,mamon
مأمون,mamoun
مؤته,muta
مؤزر,muazar
مؤمن,mumin
مؤمن,mumun
مؤمنمؤمن,mumin
مؤنس,muanis
مؤيد,muaid
مؤيد,muayad
ما,ma
مائده,maida
ماجد,majid
ماجدة,majda
ماجده,majda
ماجدولين,majdolin
مادلين,madeline
مارد,marid
ماري,mary
ماريا,maria
مارية,maria
مارين,marine
مارينوف,marinov
ماريه,maria
ماريهان,marihan
مازن,mazen
ماسة,massa
ماسه,massa
ماشي,mashi
ماصه,massa
ماضي,madi
مالك,malik
مامون,mamon
مانع,manea
ماهر,maher
مايا,maya
مايان,mayan
مايله,maila
مبارك,mubarak
مباركه,mubaraka
مبروك,mabrook
مبروكة,mabrouka
مبروكه,mabrouka
متبولي,matbouli
متعب,mutib
متعددة,mtaddah
متقال,mitqal
متوكل,mutawakkel
متولي,metwalli
متيم,mateem
مثقال,mithqal
مجاهد,mujahid
مجد,majd
مجدالدين,majd-al-din
مجدلين,majdaleen
مجدولين,majdolin
مجدى,mjada
مجدي,majdi
مجديه,majdia
مجهوا,mjahwa
مجهول,?
مجيد,majid
مجيده,majida
محارب,muharib
محاسن,mahasin
محاسنه,mahasna
محب,moheb
محبوبة,mahbuba
محبوبه,mahbuba
محجز,mahjouz
محجوب,mahjoub
محرز,muhriz
محرم,muharam
محروس,mahrous
محروق,mahruq
محسن,mohsen
محضيه,mahdia
محفوظ,mahfouz
محفوظة,mahfouza
محفوظه,mahfouza
محمد,mohammed
محمدد,mohammed
محمدداوود,muhammad daood
محمدرياض,muhamdraiadh
محمدعوض,muhamduaodh
محمدمنتصر,muhamdmuntsar
محمدين,muhammadain
محمود,mahmoud
محود,muhod
محى,muhyi
محي,muhyi
محيالدين,mohieddin
محيسن,muhaisin
محيى,muhyi
مخده,makhda
مخلص,mukhlis
مخمد,makhmed
مخيمر,mukhaymar
مدثر,mudathir
مدحت,medhat
مدفع,mdfa
مدلل,mudallal
مدلله,mdallala
مدلين,madeline
مدوخ,madoukh
مديحه,madiha
مديرس,mdeiris
مدين,madin
مذكور,mathkur
مر,mor
مراحيل,marahil
مراد,murad
مرار,mrar
مرازيق,maraziq
مرام,maram
مرتجى,mortaja
مرتجي,mortaja
مرجان,marjan
مرجونه,marjouna
مرح,marah
مرزق,marzouq
مرزوق,marzouk
مرزوقه,marzuqa
مرزيق,mrzaiq
مرسال,mersal
مرسة,mursa
مرسه,mursa
مرسى,morsi
مرسي,morsi
مرشد,murshid
مرشود,marshoud
مرضي,mardi
مرعي,marei
مرفت,mervat
مرفق,marfiq
مرهف,murhaf
مروان,marwan
مروة,marwa
مروه,marwa
مروى,marwa
مريا,maraia
مريد,murid
مريزيق,mraiziq
مريش,mreish
مريم,mariam
مريهام,maryham
مريهان,mirihan
مزروع,mazrou
مزنه,muzna
مزهر,mizher
مزيد,mazid
مزين,muzayyen
مزيونة,mazyouna
مسارعي,msarai
مساعد,mousaed
مسامح,mousameh
مستحفظان,mustahfizan
مستغانم,mustaghnim
مستور,mastur
مسره,masarra
مسعد,masad
مسعده,masada
مسعود,masoud
مسعوده,masouda
مسك,misk
مسلط,mousalat
مسلم,muslim
مسلمة,muslima
مسلمه,muslima
مسمار,mismar
مسمح,mousamah
مسيب,musib
مشالي,mashali
مشاوخ,mashawikh
مشايخ,mashayekh
مشتهى,mushtaha
مشتهي,mushtaha
مشرف,mushref
مشعل,mashal
مشفق,mushfiq
مشمش,mishmish
مشهور,mashhour
مشير,mushir
مصالحه,msalha
مصباح,misbah
مصبح,mosbeh
مصران,musran
مصطف,mustafa
مصطفى,mustafa
مصطفي,mustafa
مصعب,musab
مصفر,musfir
مصلح,musleh
مضاوي,madawi
مضعان,midaan
مضيف,mudaif
مضيوف,mudayyouf
مطاوع,mutawa
مطر,matar
مطرود,matroud
مطري,matari
مطلق,mutlaq
مطوي,matawi
مطير,mutair
مطيع,mutee
مطيعة,mutia
مطيعه,mutia
مظفر,muzaffar
مظهر,muzher
معاذ,muath
معالى,maali
معالي,maali
معاوية,muawiya
معاويه,muawiya
معبد,maabad
معتز,mutaz
معتصم,mutasim
معتق,muataq
معتوق,maatouq
معد,muad
معراج,muaraj
معروف,marouf
معز,muiz
معزز,muazzaz
معزه,maza
معزوزة,mazooza
معزوزه,mazooza
معلا,mualla
معمر,muammar
معن,maan
معنيه,mania
معوض,moawad
معيلق,mailaq
معين,muin
معينه,muina
معيوف,mayouf
مغاري,maghari
مغافل,maghafil
مغربية,maghribiya
مغربيه,maghribiya
مغصيب,mughsaib
مغنم,maghnam
مغوار,maghwar
مغيصيب,mughaisib
مفتاح,miftah
مفتيه,muftia
مفرج,mufarraj
مفلح,muflih
مفيد,mufid
مفيدة,mufida
مفيده,mufida
مقاط,muqat
مقبل,muqbil
مقبول,maqboul
مقبوله,maqboula
مقداد,miqdad
مقدار,miqdad
مقداس,miqdas
مقلد,muqallad
مكاوي,makkawi
مكة,makka
مكتومه,maktuma
مكرم,mukaram
مكه,makka
مكي,makki
مكين,makeen
ملاحي,millahi
ملاذ,malath
ملاك,malak
ملحم,melhem
ملك,malak
ملكة,malaka
ملكه,malaka
ملكيه,malkia
ملهم,molhem
ملوح,miluh
مليح,mlih
مليحه,mleiha
ممتاز,mumtaz
ممدوح,mamdouh
مناح,manah
منار,manar
مناضل,munadil
منال,manal
منة,menna
منةالله,munhallah
منتصر,muntasir
منتفض,muntafid
منتهى,muntaha
منجي,munji
مندو,mando
منديل,mandil
منذر,munther
منزير,munzir
منسي,mansi
منصور,mansour
منصورة,mansoura
منصوره,mansoura
منظومه,manzuma
منعم,moneim
منه,menna
منهالله,menat-allah
منهل,manhal
منوخ,manukh
منور,munawar
منون,manun
منوه,manwa
منوى,manwi
منى,muna
مني,mani
منيب,munib
منير,munir
منيرة,munira
منيرفا,minerva
منيره,munira
منيع,manie
منيف,munif
منيفي,minifi
منيه,munya
منيهار,minihar
مها,maha
مهاب,muhab
مهاجر,muhajer
مهادي,mahadi
مهاني,mahani
مهاوش,mahawish
مهدى,mahdi
مهدي,mahdi
مهدية,muhadiah
مهديه,mahdia
مهران,mahran
مهرمان,mahraman
مهره,muhra
مهنا,muhanna
مهند,muhannad
مهيار,mihyar
مهيب,muheeb
مهيزع,muhayza
مهيم,mahim
مهيوب,mahyoub
موج,mawj
مودة,mawada
مودد,muwadad
مور,mour
موس,mousa
موسى,mousa
موسي,mousa
موفق,muwaffaq
مولى,mawla
مومن,mumin
مونس,munis
موىس,mousa
مي,mai
ميادة,mayada
ميار,mayar
مياز,maiaz
مياس,mayas
ميان,mayan
ميرا,mira
ميرال,miral
ميرام,miram
ميران,miran
ميرة,mira
ميرفت,mervat
ميرنا,mirna
ميري,miri
ميزر,maizar
ميس,mays
ميسا,maysa
ميساء,maysaa
ميسر,muyassar
ميسرة,maysara
ميسره,maysara
ميسم,maysam
ميسه,maysa
ميسون,maysoun
ميط,met
ميلا,mila
ميلاد,milad
ميلان,milan
ميلانا,milana
ميليا,milia
ميمة,maima
ميمنه,maimana
ميمه,maima
ميمونة,maimouna
ميناوي,minawi
نائل,nael
نائل,nael
نائلة,naila
نائله,naelah
نائله,naila
ناجح,najeh
ناجع,naja
ناجى,naji
ناجي,naji
ناجيه,najia
ناحي,nahi
نادر,nader
نادره,nadira
نادريم,nadriam
نادرين,nadreen
نادي,nadi
نادية,nadia
نادين,nadine
ناديه,nadia
نار,nar
نارمين,narmeen
ناريمان,nariman
نازك,nazik
نازلي,nazli
ناصر,naser
ناصرالدين,nasser-al-din
ناصرة,nasarah
ناصره,nasira
ناظم,nazim
نافذ,nafith
نافذة,nafitha
نافز,nafez
نافع,nafi
نافل,nafel
ناموس,namous
نانا,nana
نانسي,nancy
ناهد,nahed
ناهدة,nahida
ناهده,nahida
ناهض,nahed
ناهل,nahil
ناهية,nahia
ناهيه,nahia
نايا,naya
نايف,nayef
نايفه,nayfa
نبأ,naba
نبأ,naba
نبال,nibal
نبتيتي,nabtiti
نبعات,nabaat
نبهان,nabhan
نبوغ,nubugh
نبيل,nabil
نبيلة,nabila
نبيله,nabila
نبيه,nabih
نبيهه,nabiha
نتيل,nteel
نجا,naja
نجاة,najah
نجاح,najah
نجاد,nejad
نجار,najjar
نجاه,najah
نجلاء,najlaa
نجم,najm
نجمة,najma
نجمه,najma
نجوان,najwan
نجود,nujoud
نجوى,najwa
نجوي,najoi
نجيب,najeeb
نجيبه,najiba
نجية,najiah
نجيلة,njaila
نجيم,najim
نجيه,najia
نحل,nahl
نحله,nahla
نحمده,nahmada
نخال,nakhal
ندا,nada
نداء,nidaa
ندريم,nadrim
ندرين,nadreen
ندى,nada
ندي,nada
نديد,nadid
ندير,nadir
نديم,nadeem
ندين,nadeen
نذير,nathir
نرجس,narjis
نرمان,narman
نرمين,nermeen
نريمان,nariman
نزار,nizar
نزاه,nazah
نزهات,nuzhat
نزهه,nuzha
نزير,nazir
نزيه,nazih
نزيهه,naziha
نسر,nasr
نسرين,nisreen
نسمان,nasman
نسمة,nasma
نسمه,nasma
نسيبة,nuseiba
نسيبه,nuseiba
نسيم,nasim
نشأت,nashat
نشات,nashat
نشبت,nashbat
نشوان,nashwan
نشوه,nashwa
نصار,nassar
نصر,nasr
نصرالدين,nasr-al-din
نصرالله,nasrallah
نصرة,nasra
نصره,nasra
نصري,nasri
نصوح,nasouh
نصير,nusair
نصيرات,nuseirat
نصيره,nasira
نصيف,nasif
نصيو,nasiyo
نصيوي,nasiawi
نضال,nidal
نطط,natat
نظار,nazzar
نظام,nizam
نظمي,nazmi
نظميه,nazmia
نظير,nazir
نظيره,nazira
نعامه,naama
نعمات,neamat
نعمان,numan
نعمة,nima
نعمتي,nimati
نعمه,nima
نعناع,nanaa
نعنع,nanaa
نعومة,naomah
نعيم,naim
نعيمة,naima
نعيمه,naima
نغم,nagham
نفوذ,nufouz
نفوز,nufouz
نفيسه,nafisa
نفين,nevin
نقاء,naqaa
نقيره,naqira
نلي,nelly
نمارا,namara
نمحمد,muhammad
نمر,nimr
نها,nuha
نهاد,nihad
نهال,nihal
نهاية,nihaya
نهايه,nihaya
نهرو,nehru
نهلة,nahla
نهله,nahla
نهى,nuha
نهيل,nuhail
نواره,nawara
نواس,nawas
نواف,nawaf
نوال,nawal
نوح,nouh
نور,nour
نورا,noura
نورالدين,nooral-deen
نورالهدى,nooralhada
نوران,nouran
نورة,noura
نورج,nouraj
نورز,norouz
نورسين,norsin
نورما,norma
نوره,noura
نورهان,nourhan
نوري,nouri
نوريز,nourize
نورين,noureen
نوس,nos
نوفل,nawfal
نومر,nomer
نويجع,nweijea
نويري,noiri
نويلة,nwayla
نياز,niyaz
نيازي,niyazi
نيبال,nibal
نيرمين,nirmin
نيفين,nevin
نيكولا,nicola
هائل,hael
هاجر,hajar
هاجم,hajem
هادي,hadi
هادية,hadia
هاديه,hadia
هارون,haroun
هازار,hazar
هاشم,hashim
هالا,hala
هالة,hala
هاله,hala
هانزادا,hanzada
هانم,hanem
هانى,hana
هاني,hani
هايدي,haidi
هايل,hayel
هبا,hiba
هبة,heba
هبةالله,hebatallah
هبه,heba
هتهت,hathut
هجرس,hajras
هداء,hedaa
هداف,haddaf
هدايا,hadaya
هداية,hidaya
هدايه,hidaya
هدة,hidda
هدروس,hadrous
هدنه,hudna
هده,hidda
هدهد,hadhad
هدهود,hadhoud
هدون,hadoun
هدى,huda
هدي,hadi
هديب,hudeib
هدية,hadiya
هدير,hadeer
هديل,hadeel
هديوي,hidiwi
هربيد,harbid
هرقل,herqal
هزار,hazar
هزاع,hazza
هشام,hisham
هلا,hala
هلال,hilal
هلانا,helena
هلانة,helena
هللو,hillo
هليس,hleis
هليل,hlayel
هلين,helen
همام,hammam
همس,hams
همسة,hamsa
هميسه,hmaisa
هنا,hana
هناء,hanaa
هنادي,hanadi
هنايه,hinaya
هند,hind
هنده,hinda
هندومه,hindoma
هندي,hindi
هنية,haniya
هنيه,haniya
هود,hood
هولي,houli
هويدا,huwaida
هويدة,huwaida
هويده,huwaida
هويدي,huwaidi
هويشل,huweishel
هيا,haya
هياء,hayaa
هيام,hiyam
هيثم,haitham
هيجاء,haija
هيجر,hajar
هيفاء,haifa
هيكل,heikal
هيلا,hayla
هيلن,helen
هيلين,helen
هيما,haima
هين,heen
وئام,waam
وئام,weam
وائل,wael
وائل,wael
وائله,waelah
وائله,waila
واجد,wajid
وادى,wadi
وادي,wadi
واصف,wasef
واصل,wasil
وافي,wafi
واكد,waked
وتين,wateen
وجد,wajd
وجدان,wijdan
وجدى,wajdi
وجدي,wajdi
وجهول,wjahol
وجين,wajeen
وجيه,wajih
وجيهه,wajiha
وحيد,wahid
وحيدي,whaidi
وداد,widad
ودود,wadoud
وديع,wadee
ورد,ward
وردة,warda
ورده,warda
وردهاء,wardahaa
ورش,warsh
ورود,wurud
وزنه,wazna
وسام,wesam
وسن,wasan
وسيم,wasim
وسيمه,wasima
وشاح,wishah
وشح,washh
وصال,wisal
وصفي,wasfi
وصفية,wasfiya
وصفيه,wasfiya
وضاح,waddah
وضحه,wadha
وطفه,watfa
وطن,watan
وعد,waad
وفاء,wafaa
وفيق,wafiq
وفيقة,wafiqa
وفيقه,wafiqa
وفيه,wafia
ولاء,walaa
ولود,waloud
وليد,walid
وليدي,walidi
وليم,wlaiam
وهاج,wahaj
وهبة,wahba
وهبه,wahba
وهدان,wahdan
وهيب,waheeb
وهيبه,wahiba
ياءسر,yaasr
يارا,yara
يارس,yaris
ياره,yara
يارين,yarin
يازيجي,yaziji
ياسر,yasser
ياسمين,yasmin
ياسمينة,yasmina
ياسين,yassin
ياغي,yaghi
يافا,yafa
ياقوت,yaqout
يامن,yamen
يامي,yami
يثرب,yathrib
يحى,yahya
يحيى,yahya
يحيىيى,yahya
يحيي,yahya
يزن,yazan
يزيد,yazid
يسر,yusr
يسرا,yusra
يسرى,yusri
يسري,yusri
يسريه,yusriyya
يعقوب,yaqoub
يعلى,yaala
يقين,yaqeen
يمامه,yamama
يمان,yaman
يمن,ayman
يمنى,yumna
يمني,yumna
يهجت,yehjet
يوسف,yousef
يوسفسف,yousuf
يولا,yola
يونس,younis