original,cleaned
عبدالعزيزكمال,عبدالعزيز كمال
فاطمه الزهراء,فاطمهالزهراء
فاطمة الزهراء,فاطمةالزهراء
عبد الدردساوي,عبدالدردساوي
نورالدينكامل,نورالدين كامل
محمدنصركامل,محمد نصر كامل
زين العابدين,زينالعابدين
اسماعيلكشكو,اسماعيل كشكو
محمدعبدالله,محمد عبدالله
أبوالطرابيش,أبو الطرابيش
المعتزبالله,المعتز بالله
عبد الرؤوف,عبدالرؤوف
خليل الرحمن,خليلالرحمن
عيد الزقزوق,عيدالزقزوق
سيف الاسلام,سيفالاسلام
عبد المظلوم,عبدالمظلوم
 عيد دردونه, عيددردونه
محمودشعبان,محمود شعبان
محمدالمهدى,محمد المهدى
حسونهمقداد,حسونه مقداد
محمودكوارع,محمود كوارع
سليمانكامل,سليمان كامل
ابوالعمرين,ابو العمرين
ابواسماعيل,ابو اسماعيل
(عبدالباري,عبد الباري
بهاء الدين,بهاءالدين
صلاح الدين,صلاحالدين
عبد الجواد,عبدالجواد
عبد الحفيظ,عبدالحفيظ
عبد الحكيم,عبدالحكيم
عبد الحليم,عبدالحليم
عبد الحميد,عبدالحميد
عبد الخالق,عبدالخالق
عبد الرحمن,عبدالرحمن
عبد الرحيم,عبدالرحيم
عبد العاطي,عبدالعاطي
عبد العزيز,عبدالعزيز
عبد العظيم,عبدالعظيم
عبد الفتاح,عبدالفتاح
عبد القادر,عبدالقادر
عبد الكريم,عبدالكريم
عبد اللطيف,عبداللطيف
عبد المالك,عبدالمالك
عبد المحسن,عبدالمحسن
عبد الناصر,عبدالناصر
عبد الهادي,عبدالهادي
عبد المعطي,عبدالمعطي
عبد السلام,عبدالسلام
عبد الرزاق,عبدالرزاق
عبد الغفور,عبدالغفور
عماد الدين,عمادالدين
عبد الوهاب,عبدالوهاب
عبد الرازق,عبدالرازق
عبد الساتر,عبدالساتر
عبد المجيد,عبدالمجيد
عبد الحافظ,عبدالحافظ
علاء الدين,علاءالدين
عبد الواحد,عبدالواحد
عبد الجابر,عبدالجابر
عبد المنعم,عبدالمنعم
عبد الجليل,عبدالجليل
عبد الباري,عبدالباري
سراج الدين,سراجالدين
حسام الدين,حسامالدين
غلام الدين,غلامالدين
عبد المولى,عبدالمولى
جمال الدين,جمالالدين
ضياء الدين,ضياءالدين
عبد الستار,عبدالستار
عبد الدايم,عبدالدايم
عبد الغفار,عبدالغفار
عبد السميع,عبدالسميع
ناصر الدين,ناصرالدين
عبد الباقي,عبدالباقي
عبد الشافي,عبدالشافي
عبد الجبار,عبدالجبار
عبد الحسني,عبدالحسني
عبد السطري,عبدالسطري
عبد سليمان,عبدسليمان
عبد اللحام,عبداللحام
عبد العقاد,عبدالعقاد
الشيخخليل,الشيخ خليل
ابوالهنود,ابو الهنود
محمودكمال,محمود كمال
اسامةكامل,اسامة كامل
احمدكوارع,احمد كوارع
ابوالارقم,ابو الارقم
عبدالباسط,عبد الباسط
محمدكوارع,محمد كوارع
ابوالحسنة,ابو الحسنة
ابوالسعود,ابو السعود
بهاءالدين,بهاء الدين
عبدالجليل,عبد الجليل
عبدالحميد,عبد الحميد
عبدالخالق,عبد الخالق
عبدالرؤوف,عبد الرؤوف
عبدالرازق,عبد الرازق
عبدالرحيم,عبد الرحيم
عبدالرزاق,عبد الرزاق
عبدالعزيز,عبد العزيز
عبدالفتاح,عبد الفتاح
عبدالقادر,عبد القادر
عبدالكريم,عبد الكريم
عبداللطيف,عبد اللطيف
عبدالمجيد,عبد المجيد
عبدالمطلب,عبد المطلب
عبدالمعطي,عبد المعطي
عبدالمنعم,عبد المنعم
عبدالناصر,عبد الناصر
عبدالواحد,عبد الواحد
عبدالوهاب,عبد الوهاب
محمدتوفيق,محمد توفيق
ناصرالدين,ناصر الدين
عمادالدين,عماد الدين
محمجدكمال,محمد كمال
عبد العال,عبدالعال
عبد النبي,عبدالنبي
مجد الدين,مجدالدين
محي الدين,محيالدين
نور الدين,نورالدين
نصر الدين,نصرالدين
نور الهدى,نورالهدى
عبد النور,عبدالنور
سيف الدين,سيفالدين
زين الدين,زينالدين
عوده الله,عودهالله
عبد الغني,عبدالغني
سعد الدين,سعدالدين
ضياء الحق,ضياءالحق
عبد الصمد,عبدالصمد
عودة الله,عودةالله
آية الله,آيةالله
ابو الليل,ابوالليل
عودت الله,عودتالله
عبد القرم,عبدالقرم
عبد محمود,عبدمحمود
عبد القرا,عبدالقرا
محمدكمال,محمد كمال
محمدكريم,محمد كريم
محمدكحيل,محمد كحيل
أحمدكامل,أحمد كامل
جوادكحيل,جواد كحيل
محمدصلاح,محمد صلاح
وليدكحيل,وليد كحيل
احمدكمال,احمد كمال
رشادكمال,رشاد كمال
خالدكحيل,خالد كحيل
جمالكايد,جمال كايد
فوادكحيل,فواد كحيل
فوادكامل,فواد كامل
هاشمكامل,هاشم كامل
راىدكامل,رائد كامل
موسىاحمد,موسى احمد
محمدراتب,محمد راتب
سوزانكرم,سوزان كرم
سيدراكرم,سيدرا كرم
حامدكامل,حامد كامل
خالدكمال,خالد كمال
امنهكامل,امنه كامل
سائدكمال,سائد كمال
رأفتكامل,رأفت كامل
صمودكامل,صمود كامل
فايزكامل,فايز كامل
ابوالحاج,ابو الحاج
ابوالريش,ابو الريش
ابوالعطا,ابو العطا
ابوالقرع,ابو القرع
ابوالليل,ابو الليل
ابوالهوى,ابو الهوى
ابوجاموس,ابو جاموس
ابوجربوع,ابو جربوع
ابوخديجة,ابو خديجة
ابودجانه,ابو دجانه
ابوزبيدة,ابو زبيدة
ابوزبيده,ابو زبيده
ابوزيادة,ابو زيادة
ابوسلمية,ابو سلمية
ابوسمعان,ابو سمعان
ابوسنينة,ابو سنينة
ابوطويلة,ابو طويلة
ابوظريفه,ابو ظريفه
ابوعطيوي,ابو عطيوي
ابومنصور,ابو منصور
ابومنيفى,ابو منيفى
ابونبهان,ابو نبهان
ابونجيلة,ابو نجيلة
ابوهربيد,ابو هربيد
الهديهدي,الهدي هدي
سعدالدين,سعد الدين
عبدالغني,عبد الغني
عبدالنبي,عبد النبي
نورالدين,نور الدين
أبوالروس,أبو الروس
ابوالعيش,ابو العيش
ابواللبن,ابو اللبن
ابومحارب,ابو محارب
ابومحيسن,ابو محيسن
ابومصطفى,ابو مصطفى
بدرالدين,بدر الدين
عبد الله,عبدالله
جاد الله,جادالله
حرز الله,حرزالله
ساق الله,ساقالله
عز الدين,عزالدين
عطا الله,عطاالله
عوض الله,عوضالله
منة الله,منةالله
منه الله,منهالله
عبد دبور,عبددبور
عبد الحي,عبدالحي
عبد الحق,عبدالحق
ضيف الله,ضيفالله
فرج الله,فرجالله
هبة الله,هبةالله
جاد الحق,جادالحق
سعد الله,سعدالله
تيم الله,تيمالله
حسب الله,حسبالله
صنع الله,صنعالله
خلف الله,خلفالله
عبد حجاج,عبدحجاج
عبد مقاط,عبدمقاط
عبد فتوح,عبدفتوح
عبد سليم,عبدسليم
عبد دلول,عبددلول
عبد خليل,عبدخليل
حسينعلى,حسين على
عمركمال,عمر كمال
أبووردة,أبو وردة
أبوسعدة,أبو سعدة
أبوسيسي,أبو سيسي
أبوغالي,أبو غالي
ابوجابر,ابو جابر
ابوزينة,ابو زينة
ابوسالم,ابو سالم
ابوسعدة,ابو سعدة
ابوسعود,ابو سعود
ابوسليم,ابو سليم
ابوسيسي,ابو سيسي
ابوصيام,ابو صيام
ابوضاهر,ابو ضاهر
ابوضباع,ابو ضباع
ابوضلفة,ابو ضلفة
ابوظاهر,ابو ظاهر
ابوعابد,ابو عابد
ابوعامر,ابو عامر
ابوعوكل,ابو عوكل
ابوعياش,ابو عياش
ابوعيطة,ابو عيطة
ابوعيطه,ابو عيطه
ابوغانم,ابو غانم
ابوغنيم,ابو غنيم
ابولافي,ابو لافي
ابولولي,ابو لولي
ابوماضي,ابو ماضي
ابومراد,ابو مراد
ابومسلم,ابو مسلم
ابوموسى,ابو موسى
ابووادى,ابو وادى
ابووادي,ابو وادي
ابويوسف,ابو يوسف
عزالدين,عز الدين
منةالله,منة الله
ابوخضره,ابو خضره
ابوخماش,ابو خماش
ابوضلفه,ابو ضلفه
ابوعبيد,ابو عبيد
ابوعنزة,ابو عنزة
ابوماضى,ابو ماضى
ابوهلال,ابو هلال
عبد ربه,عبدربه
عبد ربو,عبدربو
عبد عوض,عبدعوض
ياسمي ن,ياسمين
سيدقطب,سيد قطب
أبوعصر,أبو عصر
ابوبكر,ابو بكر
ابوجزر,ابو جزر
ابوخضر,ابو خضر
ابوسعد,ابو سعد
ابوعيد,ابو عيد
ابوغوش,ابو غوش
ابوكرش,ابو كرش
ابوندى,ابو ندى
امساعد,ام ساعد
مصطف  ن,مصطفى
ماندي,ما ندي
ميدان,مي دان
حسي ن,حسين
جني ن,جنين
ابو ,ابو