ar_pair,en
الحق المحلاوي,haq
العبد البريم,al-abdel
العبد الجمل,al-abdel
العبد الحاج,al-abdel
العبد الحايك,al-abdel
العبد الحداد,al-abdel
العبد العرعير,al-abdel
العبد الغمري,al-abdel
العبد الغندور,al-abdel
العبد الفصيح,al-abdel
العبد الفيومي,al-abdel
العبد القوقا,al-abdel
العبد المطوق,al-abdel
العبد المقيد,al-abdel
العبد النعيزي,al-abdel
الله ابوديب,abu
الله سليمان,suleiman
المؤمن بالله,al-mumin
المهدي زرعي,mahdi
المهدي فرج,mahdi
النور سامي,nour
سليمان عبدالغفور,abdel
عبد أبو,abd
عبد أحمد,abd
عبد ابراهيم,abd
عبد ابو,abd
عبد اسماعيل,abd
عبد الله,abdullah
عبد بحر,abd
عبد بدوي,abd
عبد بركات,abd
عبد حجازي,abd
عبد حسن,abd
عبد حسين,abd
عبد حماد,abd
عبد حمدان,abd
عبد حميد,abd
عبد خاص,abd
عبد خليل,abd
عبد داود,abd
عبد دبابش,abd
عبد دلول,abd
عبد ديب,abd
عبد ربه,abd
عبد زهد,abd
عبد سعد,abd
عبد سعيد,abd
عبد سلمان,abd
عبد سلمي,abd
عبد سليم,abd
عبد سليمان,abd
عبد شاهين,abd
عبد شبات,abd
عبد شحادة,abd
عبد شعبان,abd
عبد شملخ,abd
عبد صالح,abd
عبد صبح,abd
عبد صقر,abd
عبد عاشور,abd
عبد عباس,abd
عبد عبد,abd
عبد عبيد,abd
عبد عزام,abd
عبد عطا,abd
عبد علي,abd
عبد عليان,abd
عبد عمار,abd
عبد عوض,abd
عبد غزال,abd
عبد فتوح,abd
عبد قويدر,abd
عبد كامل,abd
عبد كحيل,abd
عبد محمد,abd
عبد محمود,abd
عبد محي,abd
عبد محيسن,abd
عبد مدوخ,abd
عبد مريش,abd
عبد مشتهى,abd
عبد مصباح,abd
عبد مصطفى,abd
عبد مطر,abd
عبد معروف,abd
عبد مقاط,abd
عبد مقداد,abd
عبد نبهان,abd
عبد نصرالله,abd
عبد ياسين,abd
عبد يوسف,abd